[2026-08-20 16:42:43.078]# RECV HEX/11 <<<
AA 00 09 13 61 AE 00 01 21 01 F7
[2026-08-20 16:42:43.203]# RECV HEX/22 <<<
AA 00 09 13 61 AE 00 01 17 01 ED AA 00 09 13 61 AE 00 01 FA 02 D0
[2026-08-20 16:42:44.581]# RECV HEX/11 <<<
AA 00 09 13 61 AE 00 01 16 01 EC
[2026-08-20 16:42:44.612]# RECV HEX/11 <<<
AA 00 09 13 61 AE 00 01 16 01 EC
[2026-08-20 16:42:44.633]# RECV HEX/11 <<<
AA 00 09 13 61 AE 00 01 25 01 FB
[2026-08-20 16:42:44.663]# RECV HEX/11 <<<
AA 00 09 13 61 AE 00 01 35 02 0B
[2026-08-20 16:42:44.684]# RECV HEX/11 <<<
AA 00 09 13 61 AE 00 01 35 02 0B
[2026-08-20 16:42:44.715]# RECV HEX/11 <<<
AA 00 09 13 61 AE 00 01 2D 02 03
[2026-08-20 16:42:44.747]# RECV HEX/11 <<<
AA 00 09 13 61 AE 00 01 26 01 FC
[2026-08-20 16:42:44.778]# RECV HEX/5 <<<
AA 00 09 13 61
[2026-08-20 16:42:44.789]# RECV HEX/6 <<<
AE 00 01 26 01 FC
[2026-08-20 16:42:44.830]# RECV HEX/11 <<<
AA 00 09 13 61 AE 00 01 1A 01 F0
[2026-08-20 16:42:44.893]# RECV HEX/11 <<<
AA 00 09 13 61 AE 00 01 1A 01 F0
[2026-08-20 16:42:44.924]# RECV HEX/11 <<<
AA 00 09 13 61 AE 00 01 14 01 EA
[2026-08-20 16:42:44.945]# RECV HEX/11 <<<
AA 00 09 13 61 AE 00 01 3A 02 10
[2026-08-20 16:42:44.966]# RECV HEX/11 <<<
AA 00 09 13 61 AE 00 01 3A 02 10
[2026-08-20 16:42:44.976]# RECV HEX/11 <<<
AA 00 09 13 61 AE 00 01 4C 02 22
[2026-08-20 16:42:44.997]# RECV HEX/11 <<<
AA 00 09 13 61 AE 00 01 4C 02 22
[2026-08-20 16:42:45.008]# RECV HEX/11 <<<
AA 00 09 13 61 AE 00 01 52 02 28
[2026-08-20 16:42:45.018]# RECV HEX/11 <<<
AA 00 09 13 61 AE 00 01 5D 02 33
[2026-08-20 16:42:45.028]# RECV HEX/4 <<<
AA 00 09 13
[2026-08-20 16:42:45.039]# RECV HEX/7 <<<
61 AE 00 01 62 02 38
[2026-08-20 16:42:45.050]# RECV HEX/11 <<<
AA 00 09 13 61 AE 00 01 66 02 3C
[2026-08-20 16:42:45.060]# RECV HEX/11 <<<
AA 00 09 13 61 AE 00 01 69 02 3F
[2026-08-20 16:42:45.071]# RECV HEX/11 <<<
AA 00 09 13 61 AE 00 01 69 02 3F
[2026-08-20 16:42:45.082]# RECV HEX/11 <<<
AA 00 09 13 61 AE 00 01 71 02 47
[2026-08-20 16:42:45.092]# RECV HEX/11 <<<
AA 00 09 13 61 AE 00 01 71 02 47
[2026-08-20 16:42:45.103]# RECV HEX/11 <<<
AA 00 09 13 61 AE 00 01 73 02 49
[2026-08-20 16:42:45.113]# RECV HEX/11 <<<
AA 00 09 13 61 AE 00 01 75 02 4B
[2026-08-20 16:42:45.123]# RECV HEX/11 <<<
AA 00 09 13 61 AE 00 01 7A 02 50
[2026-08-20 16:42:45.134]# RECV HEX/11 <<<
AA 00 09 13 61 AE 00 01 7C 02 52
[2026-08-20 16:42:45.144]# RECV HEX/11 <<<
AA 00 09 13 61 AE 00 01 7C 02 52
[2026-08-20 16:42:45.155]# RECV HEX/11 <<<
AA 00 09 13 61 AE 00 01 7E 02 54
[2026-08-20 16:42:45.165]# RECV HEX/11 <<<
AA 00 09 13 61 AE 00 01 80 02 56
[2026-08-20 16:42:45.176]# RECV HEX/20 <<<
AA 00 09 13 61 AE 00 01 83 02 59 AA 00 09 13 61 AE 00 01 83
[2026-08-20 16:42:45.186]# RECV HEX/13 <<<
02 59 AA 00 09 13 61 AE 00 01 84 02 5A
[2026-08-20 16:42:45.197]# RECV HEX/11 <<<
AA 00 09 13 61 AE 00 01 86 02 5C
[2026-08-20 16:42:45.207]# RECV HEX/11 <<<
AA 00 09 13 61 AE 00 01 88 02 5E
[2026-08-20 16:42:45.217]# RECV HEX/11 <<<
AA 00 09 13 61 AE 00 01 8A 02 60
[2026-08-20 16:42:45.228]# RECV HEX/11 <<<
AA 00 09 13 61 AE 00 01 8A 02 60
[2026-08-20 16:42:45.239]# RECV HEX/11 <<<
AA 00 09 13 61 AE 00 01 8B 02 61
[2026-08-20 16:42:45.249]# RECV HEX/22 <<<
AA 00 09 13 61 AE 00 01 8E 02 64 AA 00 09 13 61 AE 00 01 8E 02 64
[2026-08-20 16:42:45.259]# RECV HEX/11 <<<
AA 00 09 13 61 AE 00 01 8F 02 65
[2026-08-20 16:42:45.270]# RECV HEX/11 <<<
AA 00 09 13 61 AE 00 01 8F 02 65
[2026-08-20 16:42:45.280]# RECV HEX/11 <<<
AA 00 09 13 61 AE 00 01 90 02 66
[2026-08-20 16:42:45.291]# RECV HEX/11 <<<
AA 00 09 13 61 AE 00 01 91 02 67
[2026-08-20 16:42:45.291]# RECV HEX/1 <<<
AA
[2026-08-20 16:42:45.301]# RECV HEX/21 <<<
00 09 13 61 AE 00 01 93 02 69 AA 00 09 13 61 AE 00 01 93 02 69
[2026-08-20 16:42:45.312]# RECV HEX/11 <<<
AA 00 09 13 61 AE 00 01 95 02 6B
[2026-08-20 16:42:45.322]# RECV HEX/11 <<<
AA 00 09 13 61 AE 00 01 95 02 6B
[2026-08-20 16:42:45.333]# RECV HEX/14 <<<
AA 00 09 13 61 AE 00 01 95 02 6B AA 00 09
[2026-08-20 16:42:45.344]# RECV HEX/19 <<<
13 61 AE 00 01 98 02 6E AA 00 09 13 61 AE 00 01 98 02 6E
[2026-08-20 16:42:45.354]# RECV HEX/11 <<<
AA 00 09 13 61 AE 00 01 97 02 6D
[2026-08-20 16:42:45.364]# RECV HEX/11 <<<
AA 00 09 13 61 AE 00 01 97 02 6D
[2026-08-20 16:42:45.375]# RECV HEX/22 <<<
AA 00 09 13 61 AE 00 01 99 02 6F AA 00 09 13 61 AE 00 01 99 02 6F
[2026-08-20 16:42:45.385]# RECV HEX/11 <<<
AA 00 09 13 61 AE 00 01 99 02 6F
[2026-08-20 16:42:45.396]# RECV HEX/11 <<<
AA 00 09 13 61 AE 00 01 9A 02 70
[2026-08-20 16:42:45.406]# RECV HEX/11 <<<
AA 00 09 13 61 AE 00 01 9A 02 70
[2026-08-20 16:42:45.417]# RECV HEX/22 <<<
AA 00 09 13 61 AE 00 01 9A 02 70 AA 00 09 13 61 AE 00 01 9B 02 71
[2026-08-20 16:42:45.427]# RECV HEX/11 <<<
AA 00 09 13 61 AE 00 01 9B 02 71
[2026-08-20 16:42:45.438]# RECV HEX/11 <<<
AA 00 09 13 61 AE 00 01 9B 02 71
[2026-08-20 16:42:45.449]# RECV HEX/22 <<<
AA 00 09 13 61 AE 00 01 9D 02 73 AA 00 09 13 61 AE 00 01 9D 02 73
[2026-08-20 16:42:45.459]# RECV HEX/11 <<<
AA 00 09 13 61 AE 00 01 9D 02 73
[2026-08-20 16:42:45.470]# RECV HEX/11 <<<
AA 00 09 13 61 AE 00 01 9F 02 75
[2026-08-20 16:42:45.480]# RECV HEX/22 <<<
AA 00 09 13 61 AE 00 01 9F 02 75 AA 00 09 13 61 AE 00 01 9E 02 74
[2026-08-20 16:42:45.490]# RECV HEX/11 <<<
AA 00 09 13 61 AE 00 01 9E 02 74
[2026-08-20 16:42:45.501]# RECV HEX/11 <<<
AA 00 09 13 61 AE 00 01 9F 02 75
[2026-08-20 16:42:45.512]# RECV HEX/21 <<<
AA 00 09 13 61 AE 00 01 9F 02 75 AA 00 09 13 61 AE 00 01 9F 02
[2026-08-20 16:42:45.512]# RECV HEX/1 <<<
75
[2026-08-20 16:42:45.522]# RECV HEX/11 <<<
AA 00 09 13 61 AE 00 01 9F 02 75
[2026-08-20 16:42:45.533]# RECV HEX/11 <<<
AA 00 09 13 61 AE 00 01 9F 02 75
[2026-08-20 16:42:45.543]# RECV HEX/22 <<<
AA 00 09 13 61 AE 00 01 9F 02 75 AA 00 09 13 61 AE 00 01 9F 02 75
[2026-08-20 16:42:45.553]# RECV HEX/11 <<<
AA 00 09 13 61 AE 00 01 A0 02 76
[2026-08-20 16:42:45.564]# RECV HEX/11 <<<
AA 00 09 13 61 AE 00 01 A1 02 77
[2026-08-20 16:42:45.574]# RECV HEX/22 <<<
AA 00 09 13 61 AE 00 01 A0 02 76 AA 00 09 13 61 AE 00 01 A1 02 77
[2026-08-20 16:42:45.585]# RECV HEX/11 <<<
AA 00 09 13 61 AE 00 01 A1 02 77
[2026-08-20 16:42:45.595]# RECV HEX/11 <<<
AA 00 09 13 61 AE 00 01 A3 02 79
[2026-08-20 16:42:45.605]# RECV HEX/22 <<<
AA 00 09 13 61 AE 00 01 A3 02 79 AA 00 09 13 61 AE 00 01 A2 02 78
[2026-08-20 16:42:45.616]# RECV HEX/11 <<<
AA 00 09 13 61 AE 00 01 A2 02 78
[2026-08-20 16:42:45.626]# RECV HEX/11 <<<
AA 00 09 13 61 AE 00 01 A4 02 7A
[2026-08-20 16:42:45.637]# RECV HEX/22 <<<
AA 00 09 13 61 AE 00 01 A4 02 7A AA 00 09 13 61 AE 00 01 A2 02 78
[2026-08-20 16:42:45.647]# RECV HEX/11 <<<
AA 00 09 13 61 AE 00 01 A2 02 78
[2026-08-20 16:42:45.657]# RECV HEX/11 <<<
AA 00 09 13 61 AE 00 01 A2 02 78
[2026-08-20 16:42:45.668]# RECV HEX/22 <<<
AA 00 09 13 61 AE 00 01 A2 02 78 AA 00 09 13 61 AE 00 01 A2 02 78
[2026-08-20 16:42:45.678]# RECV HEX/11 <<<
AA 00 09 13 61 AE 00 01 A2 02 78
[2026-08-20 16:42:45.688]# RECV HEX/11 <<<
AA 00 09 13 61 AE 00 01 A4 02 7A
[2026-08-20 16:42:45.699]# RECV HEX/22 <<<
AA 00 09 13 61 AE 00 01 A4 02 7A AA 00 09 13 61 AE 00 01 A3 02 79
[2026-08-20 16:42:45.709]# RECV HEX/11 <<<
AA 00 09 13 61 AE 00 01 A3 02 79
[2026-08-20 16:42:45.720]# RECV HEX/17 <<<
AA 00 09 13 61 AE 00 01 A3 02 79 AA 00 09 13 61 AE
[2026-08-20 16:42:45.730]# RECV HEX/16 <<<
00 01 A4 02 7A AA 00 09 13 61 AE 00 01 A4 02 7A
[2026-08-20 16:42:45.741]# RECV HEX/11 <<<
AA 00 09 13 61 AE 00 01 A4 02 7A
[2026-08-20 16:42:45.751]# RECV HEX/21 <<<
AA 00 09 13 61 AE 00 01 A4 02 7A AA 00 09 13 61 AE 00 01 A5 02
[2026-08-20 16:42:45.761]# RECV HEX/12 <<<
7B AA 00 09 13 61 AE 00 01 A4 02 7A
[2026-08-20 16:42:45.772]# RECV HEX/11 <<<
AA 00 09 13 61 AE 00 01 A4 02 7A
[2026-08-20 16:42:45.782]# RECV HEX/22 <<<
AA 00 09 13 61 AE 00 01 A4 02 7A AA 00 09 13 61 AE 00 01 A4 02 7A
[2026-08-20 16:42:45.793]# RECV HEX/11 <<<
AA 00 09 13 61 AE 00 01 A4 02 7A
[2026-08-20 16:42:45.804]# RECV HEX/14 <<<
AA 00 09 13 61 AE 00 01 A4 02 7A AA 00 09
[2026-08-20 16:42:45.814]# RECV HEX/19 <<<
13 61 AE 00 01 A4 02 7A AA 00 09 13 61 AE 00 01 A4 02 7A
[2026-08-20 16:42:45.825]# RECV HEX/11 <<<
AA 00 09 13 61 AE 00 01 A4 02 7A
[2026-08-20 16:42:45.835]# RECV HEX/20 <<<
AA 00 09 13 61 AE 00 01 A4 02 7A AA 00 09 13 61 AE 00 01 A6
[2026-08-20 16:42:45.846]# RECV HEX/13 <<<
02 7C AA 00 09 13 61 AE 00 01 A4 02 7A
[2026-08-20 16:42:45.856]# RECV HEX/11 <<<
AA 00 09 13 61 AE 00 01 A4 02 7A
[2026-08-20 16:42:45.867]# RECV HEX/22 <<<
AA 00 09 13 61 AE 00 01 A4 02 7A AA 00 09 13 61 AE 00 01 A5 02 7B
[2026-08-20 16:42:45.877]# RECV HEX/11 <<<
AA 00 09 13 61 AE 00 01 A5 02 7B
[2026-08-20 16:42:45.888]# RECV HEX/16 <<<
AA 00 09 13 61 AE 00 01 A5 02 7B AA 00 09 13 61
[2026-08-20 16:42:45.898]# RECV HEX/17 <<<
AE 00 01 A5 02 7B AA 00 09 13 61 AE 00 01 A5 02 7B
[2026-08-20 16:42:45.909]# RECV HEX/11 <<<
AA 00 09 13 61 AE 00 01 A5 02 7B
[2026-08-20 16:42:45.919]# RECV HEX/22 <<<
AA 00 09 13 61 AE 00 01 A5 02 7B AA 00 09 13 61 AE 00 01 A5 02 7B
[2026-08-20 16:42:45.930]# RECV HEX/11 <<<
AA 00 09 13 61 AE 00 01 A5 02 7B
[2026-08-20 16:42:45.940]# RECV HEX/11 <<<
AA 00 09 13 61 AE 00 01 A5 02 7B
[2026-08-20 16:42:45.950]# RECV HEX/22 <<<
AA 00 09 13 61 AE 00 01 A5 02 7B AA 00 09 13 61 AE 00 01 A5 02 7B
[2026-08-20 16:42:45.960]# RECV HEX/11 <<<
AA 00 09 13 61 AE 00 01 A7 02 7D
[2026-08-20 16:42:45.971]# RECV HEX/11 <<<
AA 00 09 13 61 AE 00 01 A7 02 7D
[2026-08-20 16:42:45.981]# RECV HEX/22 <<<
AA 00 09 13 61 AE 00 01 A6 02 7C AA 00 09 13 61 AE 00 01 A6 02 7C
[2026-08-20 16:42:45.992]# RECV HEX/11 <<<
AA 00 09 13 61 AE 00 01 A6 02 7C
[2026-08-20 16:42:46.002]# RECV HEX/20 <<<
AA 00 09 13 61 AE 00 01 A6 02 7C AA 00 09 13 61 AE 00 01 A6
[2026-08-20 16:42:46.013]# RECV HEX/13 <<<
02 7C AA 00 09 13 61 AE 00 01 A5 02 7B
[2026-08-20 16:42:46.023]# RECV HEX/11 <<<
AA 00 09 13 61 AE 00 01 A5 02 7B
[2026-08-20 16:42:46.034]# RECV HEX/22 <<<
AA 00 09 13 61 AE 00 01 A5 02 7B AA 00 09 13 61 AE 00 01 A5 02 7B
[2026-08-20 16:42:46.044]# RECV HEX/11 <<<
AA 00 09 13 61 AE 00 01 A5 02 7B
[2026-08-20 16:42:46.054]# RECV HEX/11 <<<
AA 00 09 13 61 AE 00 01 A5 02 7B
[2026-08-20 16:42:46.065]# RECV HEX/22 <<<
AA 00 09 13 61 AE 00 01 A7 02 7D AA 00 09 13 61 AE 00 01 A6 02 7C
[2026-08-20 16:42:46.076]# RECV HEX/11 <<<
AA 00 09 13 61 AE 00 01 A6 02 7C
[2026-08-20 16:42:46.086]# RECV HEX/22 <<<
AA 00 09 13 61 AE 00 01 A8 02 7E AA 00 09 13 61 AE 00 01 A8 02 7E
[2026-08-20 16:42:46.097]# RECV HEX/11 <<<
AA 00 09 13 61 AE 00 01 A6 02 7C
[2026-08-20 16:42:46.107]# RECV HEX/11 <<<
AA 00 09 13 61 AE 00 01 A6 02 7C
[2026-08-20 16:42:46.118]# RECV HEX/22 <<<
AA 00 09 13 61 AE 00 01 A6 02 7C AA 00 09 13 61 AE 00 01 A6 02 7C
[2026-08-20 16:42:46.128]# RECV HEX/11 <<<
AA 00 09 13 61 AE 00 01 A6 02 7C
[2026-08-20 16:42:46.138]# RECV HEX/19 <<<
AA 00 09 13 61 AE 00 01 A6 02 7C AA 00 09 13 61 AE 00 01
[2026-08-20 16:42:46.149]# RECV HEX/14 <<<
A5 02 7B AA 00 09 13 61 AE 00 01 A5 02 7B
[2026-08-20 16:42:46.159]# RECV HEX/11 <<<
AA 00 09 13 61 AE 00 01 A5 02 7B
[2026-08-20 16:42:46.170]# RECV HEX/22 <<<
AA 00 09 13 61 AE 00 01 A5 02 7B AA 00 09 13 61 AE 00 01 A5 02 7B
[2026-08-20 16:42:46.180]# RECV HEX/11 <<<
AA 00 09 13 61 AE 00 01 A6 02 7C
[2026-08-20 16:42:46.191]# RECV HEX/11 <<<
AA 00 09 13 61 AE 00 01 A6 02 7C
[2026-08-20 16:42:46.201]# RECV HEX/22 <<<
AA 00 09 13 61 AE 00 01 A6 02 7C AA 00 09 13 61 AE 00 01 A6 02 7C
[2026-08-20 16:42:46.212]# RECV HEX/11 <<<
AA 00 09 13 61 AE 00 01 A7 02 7D
[2026-08-20 16:42:46.222]# RECV HEX/22 <<<
AA 00 09 13 61 AE 00 01 A6 02 7C AA 00 09 13 61 AE 00 01 A6 02 7C
[2026-08-20 16:42:46.232]# RECV HEX/11 <<<
AA 00 09 13 61 AE 00 01 A8 02 7E
[2026-08-20 16:42:46.243]# RECV HEX/11 <<<
AA 00 09 13 61 AE 00 01 A8 02 7E
[2026-08-20 16:42:46.254]# RECV HEX/22 <<<
AA 00 09 13 61 AE 00 01 A6 02 7C AA 00 09 13 61 AE 00 01 A6 02 7C
[2026-08-20 16:42:46.264]# RECV HEX/11 <<<
AA 00 09 13 61 AE 00 01 A5 02 7B
[2026-08-20 16:42:46.275]# RECV HEX/16 <<<
AA 00 09 13 61 AE 00 01 A5 02 7B AA 00 09 13 61
[2026-08-20 16:42:46.285]# RECV HEX/17 <<<
AE 00 01 A5 02 7B AA 00 09 13 61 AE 00 01 A5 02 7B
[2026-08-20 16:42:46.295]# RECV HEX/11 <<<
AA 00 09 13 61 AE 00 01 A5 02 7B
[2026-08-20 16:42:46.306]# RECV HEX/22 <<<
AA 00 09 13 61 AE 00 01 A6 02 7C AA 00 09 13 61 AE 00 01 A6 02 7C
[2026-08-20 16:42:46.317]# RECV HEX/11 <<<
AA 00 09 13 61 AE 00 01 A6 02 7C
[2026-08-20 16:42:46.327]# RECV HEX/18 <<<
AA 00 09 13 61 AE 00 01 A7 02 7D AA 00 09 13 61 AE 00
[2026-08-20 16:42:46.338]# RECV HEX/15 <<<
01 A7 02 7D AA 00 09 13 61 AE 00 01 A7 02 7D
[2026-08-20 16:42:46.348]# RECV HEX/11 <<<
AA 00 09 13 61 AE 00 01 A6 02 7C
[2026-08-20 16:42:46.358]# RECV HEX/22 <<<
AA 00 09 13 61 AE 00 01 A8 02 7E AA 00 09 13 61 AE 00 01 A6 02 7C
[2026-08-20 16:42:46.369]# RECV HEX/11 <<<
AA 00 09 13 61 AE 00 01 A6 02 7C
[2026-08-20 16:42:46.379]# RECV HEX/11 <<<
AA 00 09 13 61 AE 00 01 A6 02 7C
[2026-08-20 16:42:46.390]# RECV HEX/22 <<<
AA 00 09 13 61 AE 00 01 A6 02 7C AA 00 09 13 61 AE 00 01 A5 02 7B
[2026-08-20 16:42:46.400]# RECV HEX/11 <<<
AA 00 09 13 61 AE 00 01 A5 02 7B
[2026-08-20 16:42:46.411]# RECV HEX/22 <<<
AA 00 09 13 61 AE 00 01 A5 02 7B AA 00 09 13 61 AE 00 01 A5 02 7B
[2026-08-20 16:42:46.421]# RECV HEX/11 <<<
AA 00 09 13 61 AE 00 01 A7 02 7D
[2026-08-20 16:42:46.432]# RECV HEX/11 <<<
AA 00 09 13 61 AE 00 01 A6 02 7C
[2026-08-20 16:42:46.442]# RECV HEX/22 <<<
AA 00 09 13 61 AE 00 01 A6 02 7C AA 00 09 13 61 AE 00 01 A6 02 7C
[2026-08-20 16:42:46.453]# RECV HEX/11 <<<
AA 00 09 13 61 AE 00 01 A7 02 7D
[2026-08-20 16:42:46.463]# RECV HEX/19 <<<
AA 00 09 13 61 AE 00 01 A6 02 7C AA 00 09 13 61 AE 00 01
[2026-08-20 16:42:46.474]# RECV HEX/14 <<<
A6 02 7C AA 00 09 13 61 AE 00 01 A8 02 7E
[2026-08-20 16:42:46.484]# RECV HEX/11 <<<
AA 00 09 13 61 AE 00 01 A7 02 7D
[2026-08-20 16:42:46.494]# RECV HEX/22 <<<
AA 00 09 13 61 AE 00 01 A6 02 7C AA 00 09 13 61 AE 00 01 A6 02 7C
[2026-08-20 16:42:46.505]# RECV HEX/11 <<<
AA 00 09 13 61 AE 00 01 A6 02 7C
[2026-08-20 16:42:46.515]# RECV HEX/11 <<<
AA 00 09 13 61 AE 00 01 A6 02 7C
[2026-08-20 16:42:46.526]# RECV HEX/22 <<<
AA 00 09 13 61 AE 00 01 A5 02 7B AA 00 09 13 61 AE 00 01 A5 02 7B
[2026-08-20 16:42:46.536]# RECV HEX/11 <<<
AA 00 09 13 61 AE 00 01 A7 02 7D
[2026-08-20 16:42:46.547]# RECV HEX/22 <<<
AA 00 09 13 61 AE 00 01 A7 02 7D AA 00 09 13 61 AE 00 01 A6 02 7C
[2026-08-20 16:42:46.557]# RECV HEX/11 <<<
AA 00 09 13 61 AE 00 01 A6 02 7C
[2026-08-20 16:42:46.568]# RECV HEX/11 <<<
AA 00 09 13 61 AE 00 01 A7 02 7D
[2026-08-20 16:42:46.579]# RECV HEX/22 <<<
AA 00 09 13 61 AE 00 01 A7 02 7D AA 00 09 13 61 AE 00 01 A6 02 7C
[2026-08-20 16:42:46.590]# RECV HEX/11 <<<
AA 00 09 13 61 AE 00 01 A6 02 7C
[2026-08-20 16:42:46.600]# RECV HEX/22 <<<
AA 00 09 13 61 AE 00 01 A7 02 7D AA 00 09 13 61 AE 00 01 A6 02 7C
[2026-08-20 16:42:46.610]# RECV HEX/11 <<<
AA 00 09 13 61 AE 00 01 A6 02 7C
[2026-08-20 16:42:46.621]# RECV HEX/12 <<<
AA 00 09 13 61 AE 00 01 A6 02 7C AA
[2026-08-20 16:42:46.631]# RECV HEX/21 <<<
00 09 13 61 AE 00 01 A6 02 7C AA 00 09 13 61 AE 00 01 A5 02 7B
[2026-08-20 16:42:46.642]# RECV HEX/11 <<<
AA 00 09 13 61 AE 00 01 A5 02 7B
[2026-08-20 16:42:46.653]# RECV HEX/21 <<<
AA 00 09 13 61 AE 00 01 A6 02 7C AA 00 09 13 61 AE 00 01 A7 02
[2026-08-20 16:42:46.653]# RECV HEX/1 <<<
7D
[2026-08-20 16:42:46.663]# RECV HEX/11 <<<
AA 00 09 13 61 AE 00 01 A7 02 7D
[2026-08-20 16:42:46.674]# RECV HEX/11 <<<
AA 00 09 13 61 AE 00 01 A6 02 7C
[2026-08-20 16:42:46.684]# RECV HEX/22 <<<
AA 00 09 13 61 AE 00 01 A6 02 7C AA 00 09 13 61 AE 00 01 A6 02 7C
[2026-08-20 16:42:46.695]# RECV HEX/11 <<<
AA 00 09 13 61 AE 00 01 A8 02 7E
[2026-08-20 16:42:46.706]# RECV HEX/22 <<<
AA 00 09 13 61 AE 00 01 A6 02 7C AA 00 09 13 61 AE 00 01 A6 02 7C
[2026-08-20 16:42:46.716]# RECV HEX/11 <<<
AA 00 09 13 61 AE 00 01 A7 02 7D
[2026-08-20 16:42:46.726]# RECV HEX/11 <<<
AA 00 09 13 61 AE 00 01 A7 02 7D
[2026-08-20 16:42:46.737]# RECV HEX/22 <<<
AA 00 09 13 61 AE 00 01 A6 02 7C AA 00 09 13 61 AE 00 01 A6 02 7C
[2026-08-20 16:42:46.747]# RECV HEX/11 <<<
AA 00 09 13 61 AE 00 01 A6 02 7C
[2026-08-20 16:42:46.758]# RECV HEX/13 <<<
AA 00 09 13 61 AE 00 01 A6 02 7C AA 00
[2026-08-20 16:42:46.758]# RECV HEX/9 <<<
09 13 61 AE 00 01 A5 02 7B
[2026-08-20 16:42:46.768]# RECV HEX/11 <<<
AA 00 09 13 61 AE 00 01 A6 02 7C
[2026-08-20 16:42:46.779]# RECV HEX/11 <<<
AA 00 09 13 61 AE 00 01 A6 02 7C
[2026-08-20 16:42:46.789]# RECV HEX/22 <<<
AA 00 09 13 61 AE 00 01 A7 02 7D AA 00 09 13 61 AE 00 01 A7 02 7D
[2026-08-20 16:42:46.799]# RECV HEX/11 <<<
AA 00 09 13 61 AE 00 01 A6 02 7C
[2026-08-20 16:42:46.810]# RECV HEX/11 <<<
AA 00 09 13 61 AE 00 01 A6 02 7C
[2026-08-20 16:42:46.810]# RECV HEX/4 <<<
AA 00 09 13
[2026-08-20 16:42:46.820]# RECV HEX/18 <<<
61 AE 00 01 A6 02 7C AA 00 09 13 61 AE 00 01 A6 02 7C
[2026-08-20 16:42:46.830]# RECV HEX/11 <<<
AA 00 09 13 61 AE 00 01 A6 02 7C
[2026-08-20 16:42:46.841]# RECV HEX/14 <<<
AA 00 09 13 61 AE 00 01 A6 02 7C AA 00 09
[2026-08-20 16:42:46.841]# RECV HEX/8 <<<
13 61 AE 00 01 A8 02 7E
[2026-08-20 16:42:46.851]# RECV HEX/11 <<<
AA 00 09 13 61 AE 00 01 A6 02 7C
[2026-08-20 16:42:46.862]# RECV HEX/11 <<<
AA 00 09 13 61 AE 00 01 A6 02 7C
[2026-08-20 16:42:46.872]# RECV HEX/22 <<<
AA 00 09 13 61 AE 00 01 A6 02 7C AA 00 09 13 61 AE 00 01 A6 02 7C
[2026-08-20 16:42:46.883]# RECV HEX/11 <<<
AA 00 09 13 61 AE 00 01 A5 02 7B
[2026-08-20 16:42:46.894]# RECV HEX/15 <<<
AA 00 09 13 61 AE 00 01 A6 02 7C AA 00 09 13
[2026-08-20 16:42:46.904]# RECV HEX/18 <<<
61 AE 00 01 A7 02 7D AA 00 09 13 61 AE 00 01 A7 02 7D
[2026-08-20 16:42:46.914]# RECV HEX/11 <<<
AA 00 09 13 61 AE 00 01 A6 02 7C
[2026-08-20 16:42:46.925]# RECV HEX/22 <<<
AA 00 09 13 61 AE 00 01 A6 02 7C AA 00 09 13 61 AE 00 01 A8 02 7E
[2026-08-20 16:42:46.935]# RECV HEX/11 <<<
AA 00 09 13 61 AE 00 01 A7 02 7D
[2026-08-20 16:42:46.945]# RECV HEX/11 <<<
AA 00 09 13 61 AE 00 01 A6 02 7C
[2026-08-20 16:42:46.956]# RECV HEX/22 <<<
AA 00 09 13 61 AE 00 01 A7 02 7D AA 00 09 13 61 AE 00 01 A8 02 7E
[2026-08-20 16:42:46.966]# RECV HEX/11 <<<
AA 00 09 13 61 AE 00 01 A8 02 7E
[2026-08-20 16:42:46.977]# RECV HEX/17 <<<
AA 00 09 13 61 AE 00 01 A6 02 7C AA 00 09 13 61 AE
[2026-08-20 16:42:46.977]# RECV HEX/5 <<<
00 01 A6 02 7C
[2026-08-20 16:42:46.988]# RECV HEX/11 <<<
AA 00 09 13 61 AE 00 01 A6 02 7C
[2026-08-20 16:42:46.998]# RECV HEX/11 <<<
AA 00 09 13 61 AE 00 01 A6 02 7C
[2026-08-20 16:42:47.008]# RECV HEX/22 <<<
AA 00 09 13 61 AE 00 01 A6 02 7C AA 00 09 13 61 AE 00 01 A6 02 7C
[2026-08-20 16:42:47.019]# RECV HEX/11 <<<
AA 00 09 13 61 AE 00 01 A6 02 7C
[2026-08-20 16:42:47.030]# RECV HEX/22 <<<
AA 00 09 13 61 AE 00 01 A7 02 7D AA 00 09 13 61 AE 00 01 A7 02 7D
[2026-08-20 16:42:47.040]# RECV HEX/11 <<<
AA 00 09 13 61 AE 00 01 A7 02 7D
[2026-08-20 16:42:47.050]# RECV HEX/11 <<<
AA 00 09 13 61 AE 00 01 A7 02 7D
[2026-08-20 16:42:47.061]# RECV HEX/22 <<<
AA 00 09 13 61 AE 00 01 A8 02 7E AA 00 09 13 61 AE 00 01 A8 02 7E
[2026-08-20 16:42:47.071]# RECV HEX/11 <<<
AA 00 09 13 61 AE 00 01 A7 02 7D
[2026-08-20 16:42:47.082]# RECV HEX/16 <<<
AA 00 09 13 61 AE 00 01 A7 02 7D AA 00 09 13 61
[2026-08-20 16:42:47.082]# RECV HEX/6 <<<
AE 00 01 A9 02 7F
[2026-08-20 16:42:47.093]# RECV HEX/11 <<<
AA 00 09 13 61 AE 00 01 A8 02 7E
[2026-08-20 16:42:47.103]# RECV HEX/11 <<<
AA 00 09 13 61 AE 00 01 A7 02 7D
[2026-08-20 16:42:47.113]# RECV HEX/22 <<<
AA 00 09 13 61 AE 00 01 A6 02 7C AA 00 09 13 61 AE 00 01 A6 02 7C
[2026-08-20 16:42:47.124]# RECV HEX/11 <<<
AA 00 09 13 61 AE 00 01 A6 02 7C
[2026-08-20 16:42:47.134]# RECV HEX/19 <<<
AA 00 09 13 61 AE 00 01 A6 02 7C AA 00 09 13 61 AE 00 01
[2026-08-20 16:42:47.145]# RECV HEX/14 <<<
A7 02 7D AA 00 09 13 61 AE 00 01 A7 02 7D
[2026-08-20 16:42:47.155]# RECV HEX/11 <<<
AA 00 09 13 61 AE 00 01 A7 02 7D
[2026-08-20 16:42:47.166]# RECV HEX/22 <<<
AA 00 09 13 61 AE 00 01 A7 02 7D AA 00 09 13 61 AE 00 01 A7 02 7D
[2026-08-20 16:42:47.176]# RECV HEX/11 <<<
AA 00 09 13 61 AE 00 01 A9 02 7F
[2026-08-20 16:42:47.187]# RECV HEX/13 <<<
AA 00 09 13 61 AE 00 01 A8 02 7E AA 00
[2026-08-20 16:42:47.197]# RECV HEX/20 <<<
09 13 61 AE 00 01 A7 02 7D AA 00 09 13 61 AE 00 01 A5 02 7B
[2026-08-20 16:42:47.207]# RECV HEX/11 <<<
AA 00 09 13 61 AE 00 01 A4 02 7A
[2026-08-20 16:42:47.218]# RECV HEX/18 <<<
AA 00 09 13 61 AE 00 01 A4 02 7A AA 00 09 13 61 AE 00
[2026-08-20 16:42:47.228]# RECV HEX/15 <<<
01 A3 02 79 AA 00 09 13 61 AE 00 01 A2 02 78
[2026-08-20 16:42:47.238]# RECV HEX/11 <<<
AA 00 09 13 61 AE 00 01 A2 02 78
[2026-08-20 16:42:47.249]# RECV HEX/20 <<<
AA 00 09 13 61 AE 00 01 A3 02 79 AA 00 09 13 61 AE 00 01 A3
[2026-08-20 16:42:47.249]# RECV HEX/2 <<<
02 79
[2026-08-20 16:42:47.260]# RECV HEX/11 <<<
AA 00 09 13 61 AE 00 01 A4 02 7A
[2026-08-20 16:42:47.270]# RECV HEX/11 <<<
AA 00 09 13 61 AE 00 01 A3 02 79
[2026-08-20 16:42:47.280]# RECV HEX/22 <<<
AA 00 09 13 61 AE 00 01 A3 02 79 AA 00 09 13 61 AE 00 01 A3 02 79
[2026-08-20 16:42:47.291]# RECV HEX/11 <<<
AA 00 09 13 61 AE 00 01 A3 02 79
[2026-08-20 16:42:47.302]# RECV HEX/12 <<<
AA 00 09 13 61 AE 00 01 A5 02 7B AA
[2026-08-20 16:42:47.302]# RECV HEX/10 <<<
00 09 13 61 AE 00 01 A3 02 79
[2026-08-20 16:42:47.312]# RECV HEX/11 <<<
AA 00 09 13 61 AE 00 01 A4 02 7A
[2026-08-20 16:42:47.323]# RECV HEX/11 <<<
AA 00 09 13 61 AE 00 01 A4 02 7A
[2026-08-20 16:42:47.333]# RECV HEX/22 <<<
AA 00 09 13 61 AE 00 01 A3 02 79 AA 00 09 13 61 AE 00 01 A3 02 79
[2026-08-20 16:42:47.343]# RECV HEX/11 <<<
AA 00 09 13 61 AE 00 01 A3 02 79
[2026-08-20 16:42:47.354]# RECV HEX/11 <<<
AA 00 09 13 61 AE 00 01 A2 02 78
[2026-08-20 16:42:47.365]# RECV HEX/22 <<<
AA 00 09 13 61 AE 00 01 A3 02 79 AA 00 09 13 61 AE 00 01 A3 02 79
[2026-08-20 16:42:47.375]# RECV HEX/11 <<<
AA 00 09 13 61 AE 00 01 A4 02 7A
[2026-08-20 16:42:47.386]# RECV HEX/17 <<<
AA 00 09 13 61 AE 00 01 A2 02 78 AA 00 09 13 61 AE
[2026-08-20 16:42:47.396]# RECV HEX/16 <<<
00 01 A3 02 79 AA 00 09 13 61 AE 00 01 A3 02 79
[2026-08-20 16:42:47.407]# RECV HEX/11 <<<
AA 00 09 13 61 AE 00 01 A3 02 79
[2026-08-20 16:42:47.417]# RECV HEX/22 <<<
AA 00 09 13 61 AE 00 01 A3 02 79 AA 00 09 13 61 AE 00 01 A4 02 7A
[2026-08-20 16:42:47.427]# RECV HEX/11 <<<
AA 00 09 13 61 AE 00 01 A4 02 7A
[2026-08-20 16:42:47.438]# RECV HEX/11 <<<
AA 00 09 13 61 AE 00 01 A4 02 7A
[2026-08-20 16:42:47.448]# RECV HEX/22 <<<
AA 00 09 13 61 AE 00 01 A6 02 7C AA 00 09 13 61 AE 00 01 A6 02 7C
[2026-08-20 16:42:47.459]# RECV HEX/11 <<<
AA 00 09 13 61 AE 00 01 A4 02 7A
[2026-08-20 16:42:47.469]# RECV HEX/11 <<<
AA 00 09 13 61 AE 00 01 A4 02 7A
[2026-08-20 16:42:47.480]# RECV HEX/22 <<<
AA 00 09 13 61 AE 00 01 A4 02 7A AA 00 09 13 61 AE 00 01 A3 02 79
[2026-08-20 16:42:47.490]# RECV HEX/11 <<<
AA 00 09 13 61 AE 00 01 A4 02 7A
[2026-08-20 16:42:47.500]# RECV HEX/11 <<<
AA 00 09 13 61 AE 00 01 A4 02 7A
[2026-08-20 16:42:47.511]# RECV HEX/22 <<<
AA 00 09 13 61 AE 00 01 A4 02 7A AA 00 09 13 61 AE 00 01 A4 02 7A
[2026-08-20 16:42:47.521]# RECV HEX/11 <<<
AA 00 09 13 61 AE 00 01 A4 02 7A
[2026-08-20 16:42:47.532]# RECV HEX/15 <<<
AA 00 09 13 61 AE 00 01 A4 02 7A AA 00 09 13
[2026-08-20 16:42:47.532]# RECV HEX/7 <<<
61 AE 00 01 A3 02 79
[2026-08-20 16:42:47.542]# RECV HEX/11 <<<
AA 00 09 13 61 AE 00 01 A6 02 7C
[2026-08-20 16:42:47.553]# RECV HEX/11 <<<
AA 00 09 13 61 AE 00 01 A4 02 7A
[2026-08-20 16:42:47.563]# RECV HEX/22 <<<
AA 00 09 13 61 AE 00 01 A5 02 7B AA 00 09 13 61 AE 00 01 A6 02 7C
[2026-08-20 16:42:47.573]# RECV HEX/11 <<<
AA 00 09 13 61 AE 00 01 A5 02 7B
[2026-08-20 16:42:47.583]# RECV HEX/11 <<<
AA 00 09 13 61 AE 00 01 A4 02 7A
[2026-08-20 16:42:47.594]# RECV HEX/22 <<<
AA 00 09 13 61 AE 00 01 A4 02 7A AA 00 09 13 61 AE 00 01 A4 02 7A
[2026-08-20 16:42:47.604]# RECV HEX/11 <<<
AA 00 09 13 61 AE 00 01 A5 02 7B
[2026-08-20 16:42:47.615]# RECV HEX/11 <<<
AA 00 09 13 61 AE 00 01 A5 02 7B
[2026-08-20 16:42:47.625]# RECV HEX/22 <<<
AA 00 09 13 61 AE 00 01 A6 02 7C AA 00 09 13 61 AE 00 01 A7 02 7D
[2026-08-20 16:42:47.636]# RECV HEX/11 <<<
AA 00 09 13 61 AE 00 01 A7 02 7D
[2026-08-20 16:42:47.646]# RECV HEX/22 <<<
AA 00 09 13 61 AE 00 01 A6 02 7C AA 00 09 13 61 AE 00 01 A6 02 7C
[2026-08-20 16:42:47.656]# RECV HEX/11 <<<
AA 00 09 13 61 AE 00 01 A6 02 7C
[2026-08-20 16:42:47.667]# RECV HEX/11 <<<
AA 00 09 13 61 AE 00 01 A7 02 7D
[2026-08-20 16:42:47.677]# RECV HEX/22 <<<
AA 00 09 13 61 AE 00 01 A7 02 7D AA 00 09 13 61 AE 00 01 A6 02 7C
[2026-08-20 16:42:47.687]# RECV HEX/11 <<<
AA 00 09 13 61 AE 00 01 A6 02 7C
[2026-08-20 16:42:47.698]# RECV HEX/20 <<<
AA 00 09 13 61 AE 00 01 A7 02 7D AA 00 09 13 61 AE 00 01 A5
[2026-08-20 16:42:47.709]# RECV HEX/13 <<<
02 7B AA 00 09 13 61 AE 00 01 A5 02 7B
[2026-08-20 16:42:47.719]# RECV HEX/11 <<<
AA 00 09 13 61 AE 00 01 A5 02 7B
[2026-08-20 16:42:47.729]# RECV HEX/22 <<<
AA 00 09 13 61 AE 00 01 A4 02 7A AA 00 09 13 61 AE 00 01 A4 02 7A
[2026-08-20 16:42:47.740]# RECV HEX/11 <<<
AA 00 09 13 61 AE 00 01 A4 02 7A
[2026-08-20 16:42:47.750]# RECV HEX/11 <<<
AA 00 09 13 61 AE 00 01 A4 02 7A
[2026-08-20 16:42:47.760]# RECV HEX/22 <<<
AA 00 09 13 61 AE 00 01 A5 02 7B AA 00 09 13 61 AE 00 01 A5 02 7B
[2026-08-20 16:42:47.771]# RECV HEX/11 <<<
AA 00 09 13 61 AE 00 01 A4 02 7A
[2026-08-20 16:42:47.781]# RECV HEX/13 <<<
AA 00 09 13 61 AE 00 01 A5 02 7B AA 00
[2026-08-20 16:42:47.792]# RECV HEX/20 <<<
09 13 61 AE 00 01 A7 02 7D AA 00 09 13 61 AE 00 01 A6 02 7C
[2026-08-20 16:42:47.802]# RECV HEX/11 <<<
AA 00 09 13 61 AE 00 01 A6 02 7C
[2026-08-20 16:42:47.813]# RECV HEX/22 <<<
AA 00 09 13 61 AE 00 01 A8 02 7E AA 00 09 13 61 AE 00 01 A8 02 7E
[2026-08-20 16:42:47.823]# RECV HEX/11 <<<
AA 00 09 13 61 AE 00 01 A6 02 7C
[2026-08-20 16:42:47.834]# RECV HEX/14 <<<
AA 00 09 13 61 AE 00 01 A6 02 7C AA 00 09
[2026-08-20 16:42:47.845]# RECV HEX/19 <<<
13 61 AE 00 01 A5 02 7B AA 00 09 13 61 AE 00 01 A5 02 7B
[2026-08-20 16:42:47.856]# RECV HEX/11 <<<
AA 00 09 13 61 AE 00 01 A5 02 7B
[2026-08-20 16:42:47.866]# RECV HEX/21 <<<
AA 00 09 13 61 AE 00 01 A5 02 7B AA 00 09 13 61 AE 00 01 A6 02
[2026-08-20 16:42:47.866]# RECV HEX/1 <<<
7C
[2026-08-20 16:42:47.876]# RECV HEX/11 <<<
AA 00 09 13 61 AE 00 01 A6 02 7C
[2026-08-20 16:42:47.887]# RECV HEX/11 <<<
AA 00 09 13 61 AE 00 01 A6 02 7C
[2026-08-20 16:42:47.897]# RECV HEX/22 <<<
AA 00 09 13 61 AE 00 01 A6 02 7C AA 00 09 13 61 AE 00 01 A8 02 7E
[2026-08-20 16:42:47.907]# RECV HEX/11 <<<
AA 00 09 13 61 AE 00 01 A8 02 7E
[2026-08-20 16:42:47.918]# RECV HEX/22 <<<
AA 00 09 13 61 AE 00 01 A7 02 7D AA 00 09 13 61 AE 00 01 A7 02 7D
[2026-08-20 16:42:47.929]# RECV HEX/11 <<<
AA 00 09 13 61 AE 00 01 A8 02 7E
[2026-08-20 16:42:47.939]# RECV HEX/11 <<<
AA 00 09 13 61 AE 00 01 A8 02 7E
[2026-08-20 16:42:47.950]# RECV HEX/22 <<<
AA 00 09 13 61 AE 00 01 A7 02 7D AA 00 09 13 61 AE 00 01 A6 02 7C
[2026-08-20 16:42:47.960]# RECV HEX/11 <<<
AA 00 09 13 61 AE 00 01 A6 02 7C
[2026-08-20 16:42:47.971]# RECV HEX/22 <<<
AA 00 09 13 61 AE 00 01 A5 02 7B AA 00 09 13 61 AE 00 01 A5 02 7B
[2026-08-20 16:42:47.982]# RECV HEX/11 <<<
AA 00 09 13 61 AE 00 01 A5 02 7B
[2026-08-20 16:42:47.992]# RECV HEX/11 <<<
AA 00 09 13 61 AE 00 01 A6 02 7C
[2026-08-20 16:42:48.003]# RECV HEX/22 <<<
AA 00 09 13 61 AE 00 01 A6 02 7C AA 00 09 13 61 AE 00 01 A6 02 7C
[2026-08-20 16:42:48.014]# RECV HEX/11 <<<
AA 00 09 13 61 AE 00 01 A6 02 7C
[2026-08-20 16:42:48.024]# RECV HEX/22 <<<
AA 00 09 13 61 AE 00 01 A8 02 7E AA 00 09 13 61 AE 00 01 A7 02 7D
[2026-08-20 16:42:48.034]# RECV HEX/11 <<<
AA 00 09 13 61 AE 00 01 A6 02 7C
[2026-08-20 16:42:48.045]# RECV HEX/11 <<<
AA 00 09 13 61 AE 00 01 A7 02 7D
[2026-08-20 16:42:48.055]# RECV HEX/22 <<<
AA 00 09 13 61 AE 00 01 A7 02 7D AA 00 09 13 61 AE 00 01 A8 02 7E
[2026-08-20 16:42:48.066]# RECV HEX/11 <<<
AA 00 09 13 61 AE 00 01 A6 02 7C
[2026-08-20 16:42:48.076]# RECV HEX/20 <<<
AA 00 09 13 61 AE 00 01 A6 02 7C AA 00 09 13 61 AE 00 01 A5
[2026-08-20 16:42:48.087]# RECV HEX/13 <<<
02 7B AA 00 09 13 61 AE 00 01 A5 02 7B
[2026-08-20 16:42:48.097]# RECV HEX/11 <<<
AA 00 09 13 61 AE 00 01 A5 02 7B
[2026-08-20 16:42:48.108]# RECV HEX/22 <<<
AA 00 09 13 61 AE 00 01 A5 02 7B AA 00 09 13 61 AE 00 01 A6 02 7C
[2026-08-20 16:42:48.119]# RECV HEX/11 <<<
AA 00 09 13 61 AE 00 01 A6 02 7C
[2026-08-20 16:42:48.129]# RECV HEX/19 <<<
AA 00 09 13 61 AE 00 01 A5 02 7B AA 00 09 13 61 AE 00 01
[2026-08-20 16:42:48.139]# RECV HEX/14 <<<
A5 02 7B AA 00 09 13 61 AE 00 01 A6 02 7C
[2026-08-20 16:42:48.150]# RECV HEX/11 <<<
AA 00 09 13 61 AE 00 01 A7 02 7D
[2026-08-20 16:42:48.160]# RECV HEX/22 <<<
AA 00 09 13 61 AE 00 01 A7 02 7D AA 00 09 13 61 AE 00 01 A7 02 7D
[2026-08-20 16:42:48.171]# RECV HEX/11 <<<
AA 00 09 13 61 AE 00 01 A7 02 7D
[2026-08-20 16:42:48.181]# RECV HEX/11 <<<
AA 00 09 13 61 AE 00 01 A8 02 7E
[2026-08-20 16:42:48.192]# RECV HEX/22 <<<
AA 00 09 13 61 AE 00 01 A6 02 7C AA 00 09 13 61 AE 00 01 A5 02 7B
[2026-08-20 16:42:48.203]# RECV HEX/11 <<<
AA 00 09 13 61 AE 00 01 A5 02 7B
[2026-08-20 16:42:48.213]# RECV HEX/22 <<<
AA 00 09 13 61 AE 00 01 A5 02 7B AA 00 09 13 61 AE 00 01 A5 02 7B
[2026-08-20 16:42:48.224]# RECV HEX/11 <<<
AA 00 09 13 61 AE 00 01 A5 02 7B
[2026-08-20 16:42:48.234]# RECV HEX/11 <<<
AA 00 09 13 61 AE 00 01 A5 02 7B
[2026-08-20 16:42:48.245]# RECV HEX/22 <<<
AA 00 09 13 61 AE 00 01 A6 02 7C AA 00 09 13 61 AE 00 01 A6 02 7C
[2026-08-20 16:42:48.255]# RECV HEX/11 <<<
AA 00 09 13 61 AE 00 01 A6 02 7C
[2026-08-20 16:42:48.266]# RECV HEX/22 <<<
AA 00 09 13 61 AE 00 01 A6 02 7C AA 00 09 13 61 AE 00 01 A7 02 7D
[2026-08-20 16:42:48.276]# RECV HEX/11 <<<
AA 00 09 13 61 AE 00 01 A7 02 7D
[2026-08-20 16:42:48.287]# RECV HEX/14 <<<
AA 00 09 13 61 AE 00 01 A7 02 7D AA 00 09
[2026-08-20 16:42:48.297]# RECV HEX/19 <<<
13 61 AE 00 01 A8 02 7E AA 00 09 13 61 AE 00 01 A8 02 7E
[2026-08-20 16:42:48.308]# RECV HEX/11 <<<
AA 00 09 13 61 AE 00 01 A6 02 7C
[2026-08-20 16:42:48.318]# RECV HEX/22 <<<
AA 00 09 13 61 AE 00 01 A6 02 7C AA 00 09 13 61 AE 00 01 A5 02 7B
[2026-08-20 16:42:48.328]# RECV HEX/11 <<<
AA 00 09 13 61 AE 00 01 A5 02 7B
[2026-08-20 16:42:48.338]# RECV HEX/11 <<<
AA 00 09 13 61 AE 00 01 A5 02 7B
[2026-08-20 16:42:48.349]# RECV HEX/22 <<<
AA 00 09 13 61 AE 00 01 A5 02 7B AA 00 09 13 61 AE 00 01 A6 02 7C
[2026-08-20 16:42:48.360]# RECV HEX/11 <<<
AA 00 09 13 61 AE 00 01 A6 02 7C
[2026-08-20 16:42:48.370]# RECV HEX/11 <<<
AA 00 09 13 61 AE 00 01 A6 02 7C
[2026-08-20 16:42:48.381]# RECV HEX/22 <<<
AA 00 09 13 61 AE 00 01 A6 02 7C AA 00 09 13 61 AE 00 01 A6 02 7C
[2026-08-20 16:42:48.391]# RECV HEX/11 <<<
AA 00 09 13 61 AE 00 01 A8 02 7E
[2026-08-20 16:42:48.402]# RECV HEX/22 <<<
AA 00 09 13 61 AE 00 01 A7 02 7D AA 00 09 13 61 AE 00 01 A7 02 7D
[2026-08-20 16:42:48.413]# RECV HEX/11 <<<
AA 00 09 13 61 AE 00 01 A7 02 7D
[2026-08-20 16:42:48.423]# RECV HEX/14 <<<
AA 00 09 13 61 AE 00 01 A7 02 7D AA 00 09
[2026-08-20 16:42:48.434]# RECV HEX/19 <<<
13 61 AE 00 01 A6 02 7C AA 00 09 13 61 AE 00 01 A5 02 7B
[2026-08-20 16:42:48.445]# RECV HEX/11 <<<
AA 00 09 13 61 AE 00 01 A5 02 7B
[2026-08-20 16:42:48.455]# RECV HEX/22 <<<
AA 00 09 13 61 AE 00 01 A5 02 7B AA 00 09 13 61 AE 00 01 A5 02 7B
[2026-08-20 16:42:48.466]# RECV HEX/11 <<<
AA 00 09 13 61 AE 00 01 A5 02 7B
[2026-08-20 16:42:48.476]# RECV HEX/12 <<<
AA 00 09 13 61 AE 00 01 A6 02 7C AA
[2026-08-20 16:42:48.487]# RECV HEX/21 <<<
00 09 13 61 AE 00 01 A6 02 7C AA 00 09 13 61 AE 00 01 A5 02 7B
[2026-08-20 16:42:48.497]# RECV HEX/11 <<<
AA 00 09 13 61 AE 00 01 A6 02 7C
[2026-08-20 16:42:48.508]# RECV HEX/22 <<<
AA 00 09 13 61 AE 00 01 A8 02 7E AA 00 09 13 61 AE 00 01 A7 02 7D
[2026-08-20 16:42:48.518]# RECV HEX/11 <<<
AA 00 09 13 61 AE 00 01 A7 02 7D
[2026-08-20 16:42:48.529]# RECV HEX/16 <<<
AA 00 09 13 61 AE 00 01 A7 02 7D AA 00 09 13 61
[2026-08-20 16:42:48.529]# RECV HEX/2 <<<
AE 00
[2026-08-20 16:42:48.539]# RECV HEX/15 <<<
01 A7 02 7D AA 00 09 13 61 AE 00 01 A6 02 7C
[2026-08-20 16:42:48.549]# RECV HEX/11 <<<
AA 00 09 13 61 AE 00 01 A6 02 7C
[2026-08-20 16:42:48.560]# RECV HEX/14 <<<
AA 00 09 13 61 AE 00 01 A6 02 7C AA 00 09
[2026-08-20 16:42:48.560]# RECV HEX/8 <<<
13 61 AE 00 01 A5 02 7B
[2026-08-20 16:42:48.570]# RECV HEX/11 <<<
AA 00 09 13 61 AE 00 01 A5 02 7B
[2026-08-20 16:42:48.580]# RECV HEX/11 <<<
AA 00 09 13 61 AE 00 01 A5 02 7B
[2026-08-20 16:42:48.591]# RECV HEX/22 <<<
AA 00 09 13 61 AE 00 01 A5 02 7B AA 00 09 13 61 AE 00 01 A6 02 7C
[2026-08-20 16:42:48.602]# RECV HEX/11 <<<
AA 00 09 13 61 AE 00 01 A6 02 7C
[2026-08-20 16:42:48.612]# RECV HEX/12 <<<
AA 00 09 13 61 AE 00 01 A5 02 7B AA
[2026-08-20 16:42:48.622]# RECV HEX/21 <<<
00 09 13 61 AE 00 01 A5 02 7B AA 00 09 13 61 AE 00 01 A8 02 7E
[2026-08-20 16:42:48.633]# RECV HEX/11 <<<
AA 00 09 13 61 AE 00 01 A8 02 7E
[2026-08-20 16:42:48.643]# RECV HEX/22 <<<
AA 00 09 13 61 AE 00 01 A7 02 7D AA 00 09 13 61 AE 00 01 A7 02 7D
[2026-08-20 16:42:48.654]# RECV HEX/11 <<<
AA 00 09 13 61 AE 00 01 A7 02 7D
[2026-08-20 16:42:48.664]# RECV HEX/11 <<<
AA 00 09 13 61 AE 00 01 A6 02 7C
[2026-08-20 16:42:48.675]# RECV HEX/22 <<<
AA 00 09 13 61 AE 00 01 A6 02 7C AA 00 09 13 61 AE 00 01 A6 02 7C
[2026-08-20 16:42:48.685]# RECV HEX/11 <<<
AA 00 09 13 61 AE 00 01 A6 02 7C
[2026-08-20 16:42:48.695]# RECV HEX/11 <<<
AA 00 09 13 61 AE 00 01 A5 02 7B
[2026-08-20 16:42:48.706]# RECV HEX/22 <<<
AA 00 09 13 61 AE 00 01 A5 02 7B AA 00 09 13 61 AE 00 01 A5 02 7B
[2026-08-20 16:42:48.716]# RECV HEX/11 <<<
AA 00 09 13 61 AE 00 01 A4 02 7A
[2026-08-20 16:42:48.726]# RECV HEX/18 <<<
AA 00 09 13 61 AE 00 01 A6 02 7C AA 00 09 13 61 AE 00
[2026-08-20 16:42:48.737]# RECV HEX/15 <<<
01 A5 02 7B AA 00 09 13 61 AE 00 01 A5 02 7B
[2026-08-20 16:42:48.747]# RECV HEX/11 <<<
AA 00 09 13 61 AE 00 01 A7 02 7D
[2026-08-20 16:42:48.758]# RECV HEX/22 <<<
AA 00 09 13 61 AE 00 01 A6 02 7C AA 00 09 13 61 AE 00 01 A6 02 7C
[2026-08-20 16:42:48.768]# RECV HEX/11 <<<
AA 00 09 13 61 AE 00 01 A6 02 7C
[2026-08-20 16:42:48.778]# RECV HEX/11 <<<
AA 00 09 13 61 AE 00 01 A8 02 7E
[2026-08-20 16:42:48.789]# RECV HEX/22 <<<
AA 00 09 13 61 AE 00 01 A8 02 7E AA 00 09 13 61 AE 00 01 A6 02 7C
[2026-08-20 16:42:48.799]# RECV HEX/11 <<<
AA 00 09 13 61 AE 00 01 A6 02 7C
[2026-08-20 16:42:48.810]# RECV HEX/22 <<<
AA 00 09 13 61 AE 00 01 A5 02 7B AA 00 09 13 61 AE 00 01 A5 02 7B
[2026-08-20 16:42:48.820]# RECV HEX/11 <<<
AA 00 09 13 61 AE 00 01 A5 02 7B
[2026-08-20 16:42:48.831]# RECV HEX/11 <<<
AA 00 09 13 61 AE 00 01 A5 02 7B
[2026-08-20 16:42:48.841]# RECV HEX/22 <<<
AA 00 09 13 61 AE 00 01 A5 02 7B AA 00 09 13 61 AE 00 01 A6 02 7C
[2026-08-20 16:42:48.851]# RECV HEX/11 <<<
AA 00 09 13 61 AE 00 01 A5 02 7B
[2026-08-20 16:42:48.862]# RECV HEX/17 <<<
AA 00 09 13 61 AE 00 01 A5 02 7B AA 00 09 13 61 AE
[2026-08-20 16:42:48.872]# RECV HEX/16 <<<
00 01 A7 02 7D AA 00 09 13 61 AE 00 01 A7 02 7D
[2026-08-20 16:42:48.883]# RECV HEX/11 <<<
AA 00 09 13 61 AE 00 01 A6 02 7C
[2026-08-20 16:42:48.893]# RECV HEX/22 <<<
AA 00 09 13 61 AE 00 01 A6 02 7C AA 00 09 13 61 AE 00 01 A6 02 7C
[2026-08-20 16:42:48.904]# RECV HEX/11 <<<
AA 00 09 13 61 AE 00 01 A7 02 7D
[2026-08-20 16:42:48.914]# RECV HEX/11 <<<
AA 00 09 13 61 AE 00 01 A5 02 7B
[2026-08-20 16:42:48.924]# RECV HEX/22 <<<
AA 00 09 13 61 AE 00 01 A5 02 7B AA 00 09 13 61 AE 00 01 A5 02 7B
[2026-08-20 16:42:48.935]# RECV HEX/11 <<<
AA 00 09 13 61 AE 00 01 A5 02 7B
[2026-08-20 16:42:48.945]# RECV HEX/13 <<<
AA 00 09 13 61 AE 00 01 A5 02 7B AA 00
[2026-08-20 16:42:48.956]# RECV HEX/20 <<<
09 13 61 AE 00 01 A5 02 7B AA 00 09 13 61 AE 00 01 A5 02 7B
[2026-08-20 16:42:48.966]# RECV HEX/11 <<<
AA 00 09 13 61 AE 00 01 A6 02 7C
[2026-08-20 16:42:48.977]# RECV HEX/22 <<<
AA 00 09 13 61 AE 00 01 A6 02 7C AA 00 09 13 61 AE 00 01 A6 02 7C
[2026-08-20 16:42:48.987]# RECV HEX/11 <<<
AA 00 09 13 61 AE 00 01 A7 02 7D
[2026-08-20 16:42:48.997]# RECV HEX/11 <<<
AA 00 09 13 61 AE 00 01 A6 02 7C
[2026-08-20 16:42:49.008]# RECV HEX/22 <<<
AA 00 09 13 61 AE 00 01 A7 02 7D AA 00 09 13 61 AE 00 01 A6 02 7C
[2026-08-20 16:42:49.018]# RECV HEX/11 <<<
AA 00 09 13 61 AE 00 01 A6 02 7C
[2026-08-20 16:42:49.028]# RECV HEX/14 <<<
AA 00 09 13 61 AE 00 01 A6 02 7C AA 00 09
[2026-08-20 16:42:49.039]# RECV HEX/19 <<<
13 61 AE 00 01 A6 02 7C AA 00 09 13 61 AE 00 01 A5 02 7B
[2026-08-20 16:42:49.049]# RECV HEX/11 <<<
AA 00 09 13 61 AE 00 01 A5 02 7B
[2026-08-20 16:42:49.060]# RECV HEX/20 <<<
AA 00 09 13 61 AE 00 01 A5 02 7B AA 00 09 13 61 AE 00 01 A5
[2026-08-20 16:42:49.060]# RECV HEX/2 <<<
02 7B
[2026-08-20 16:42:49.070]# RECV HEX/11 <<<
AA 00 09 13 61 AE 00 01 A5 02 7B
[2026-08-20 16:42:49.081]# RECV HEX/11 <<<
AA 00 09 13 61 AE 00 01 A5 02 7B
[2026-08-20 16:42:49.091]# RECV HEX/22 <<<
AA 00 09 13 61 AE 00 01 A6 02 7C AA 00 09 13 61 AE 00 01 A5 02 7B
[2026-08-20 16:42:49.101]# RECV HEX/11 <<<
AA 00 09 13 61 AE 00 01 A6 02 7C
[2026-08-20 16:42:49.112]# RECV HEX/21 <<<
AA 00 09 13 61 AE 00 01 A6 02 7C AA 00 09 13 61 AE 00 01 A8 02
[2026-08-20 16:42:49.112]# RECV HEX/1 <<<
7E
[2026-08-20 16:42:49.123]# RECV HEX/11 <<<
AA 00 09 13 61 AE 00 01 A6 02 7C
[2026-08-20 16:42:49.133]# RECV HEX/11 <<<
AA 00 09 13 61 AE 00 01 A6 02 7C
[2026-08-20 16:42:49.144]# RECV HEX/22 <<<
AA 00 09 13 61 AE 00 01 A7 02 7D AA 00 09 13 61 AE 00 01 A6 02 7C
[2026-08-20 16:42:49.154]# RECV HEX/11 <<<
AA 00 09 13 61 AE 00 01 A6 02 7C
[2026-08-20 16:42:49.165]# RECV HEX/11 <<<
AA 00 09 13 61 AE 00 01 A6 02 7C
[2026-08-20 16:42:49.165]# RECV HEX/10 <<<
AA 00 09 13 61 AE 00 01 A4 02
[2026-08-20 16:42:49.165]# RECV HEX/1 <<<
7A
[2026-08-20 16:42:49.176]# RECV HEX/11 <<<
AA 00 09 13 61 AE 00 01 A4 02 7A
[2026-08-20 16:42:49.186]# RECV HEX/11 <<<
AA 00 09 13 61 AE 00 01 A4 02 7A
[2026-08-20 16:42:49.196]# RECV HEX/22 <<<
AA 00 09 13 61 AE 00 01 A4 02 7A AA 00 09 13 61 AE 00 01 A6 02 7C
[2026-08-20 16:42:49.207]# RECV HEX/11 <<<
AA 00 09 13 61 AE 00 01 A5 02 7B
[2026-08-20 16:42:49.217]# RECV HEX/11 <<<
AA 00 09 13 61 AE 00 01 A5 02 7B
[2026-08-20 16:42:49.228]# RECV HEX/22 <<<
AA 00 09 13 61 AE 00 01 A5 02 7B AA 00 09 13 61 AE 00 01 A8 02 7E
[2026-08-20 16:42:49.238]# RECV HEX/11 <<<
AA 00 09 13 61 AE 00 01 A8 02 7E
[2026-08-20 16:42:49.249]# RECV HEX/19 <<<
AA 00 09 13 61 AE 00 01 A6 02 7C AA 00 09 13 61 AE 00 01
[2026-08-20 16:42:49.249]# RECV HEX/3 <<<
A6 02 7C
[2026-08-20 16:42:49.259]# RECV HEX/11 <<<
AA 00 09 13 61 AE 00 01 A7 02 7D
[2026-08-20 16:42:49.270]# RECV HEX/11 <<<
AA 00 09 13 61 AE 00 01 A6 02 7C
[2026-08-20 16:42:49.280]# RECV HEX/22 <<<
AA 00 09 13 61 AE 00 01 A6 02 7C AA 00 09 13 61 AE 00 01 A6 02 7C
[2026-08-20 16:42:49.291]# RECV HEX/11 <<<
AA 00 09 13 61 AE 00 01 A5 02 7B
[2026-08-20 16:42:49.301]# RECV HEX/16 <<<
AA 00 09 13 61 AE 00 01 A4 02 7A AA 00 09 13 61
[2026-08-20 16:42:49.311]# RECV HEX/17 <<<
AE 00 01 A4 02 7A AA 00 09 13 61 AE 00 01 A4 02 7A
[2026-08-20 16:42:49.322]# RECV HEX/11 <<<
AA 00 09 13 61 AE 00 01 A6 02 7C
[2026-08-20 16:42:49.333]# RECV HEX/22 <<<
AA 00 09 13 61 AE 00 01 A6 02 7C AA 00 09 13 61 AE 00 01 A5 02 7B
[2026-08-20 16:42:49.343]# RECV HEX/11 <<<
AA 00 09 13 61 AE 00 01 A5 02 7B
[2026-08-20 16:42:49.353]# RECV HEX/11 <<<
AA 00 09 13 61 AE 00 01 A7 02 7D
[2026-08-20 16:42:49.363]# RECV HEX/22 <<<
AA 00 09 13 61 AE 00 01 A7 02 7D AA 00 09 13 61 AE 00 01 A6 02 7C
[2026-08-20 16:42:49.374]# RECV HEX/11 <<<
AA 00 09 13 61 AE 00 01 A6 02 7C
[2026-08-20 16:42:49.385]# RECV HEX/22 <<<
AA 00 09 13 61 AE 00 01 A8 02 7E AA 00 09 13 61 AE 00 01 A6 02 7C
[2026-08-20 16:42:49.396]# RECV HEX/11 <<<
AA 00 09 13 61 AE 00 01 A6 02 7C
[2026-08-20 16:42:49.406]# RECV HEX/11 <<<
AA 00 09 13 61 AE 00 01 A6 02 7C
[2026-08-20 16:42:49.417]# RECV HEX/22 <<<
AA 00 09 13 61 AE 00 01 A5 02 7B AA 00 09 13 61 AE 00 01 A4 02 7A
[2026-08-20 16:42:49.427]# RECV HEX/11 <<<
AA 00 09 13 61 AE 00 01 A4 02 7A
[2026-08-20 16:42:49.438]# RECV HEX/11 <<<
AA 00 09 13 61 AE 00 01 A4 02 7A
[2026-08-20 16:42:49.438]# RECV HEX/11 <<<
AA 00 09 13 61 AE 00 01 A6 02 7C
[2026-08-20 16:42:49.448]# RECV HEX/11 <<<
AA 00 09 13 61 AE 00 01 A5 02 7B
[2026-08-20 16:42:49.458]# RECV HEX/11 <<<
AA 00 09 13 61 AE 00 01 A5 02 7B
[2026-08-20 16:42:49.469]# RECV HEX/19 <<<
AA 00 09 13 61 AE 00 01 A5 02 7B AA 00 09 13 61 AE 00 01
[2026-08-20 16:42:49.469]# RECV HEX/3 <<<
A7 02 7D
[2026-08-20 16:42:49.479]# RECV HEX/11 <<<
AA 00 09 13 61 AE 00 01 A6 02 7C
[2026-08-20 16:42:49.490]# RECV HEX/11 <<<
AA 00 09 13 61 AE 00 01 A6 02 7C
[2026-08-20 16:42:49.500]# RECV HEX/22 <<<
AA 00 09 13 61 AE 00 01 A6 02 7C AA 00 09 13 61 AE 00 01 A7 02 7D
[2026-08-20 16:42:49.511]# RECV HEX/11 <<<
AA 00 09 13 61 AE 00 01 A7 02 7D
[2026-08-20 16:42:49.521]# RECV HEX/20 <<<
AA 00 09 13 61 AE 00 01 A5 02 7B AA 00 09 13 61 AE 00 01 A5
[2026-08-20 16:42:49.531]# RECV HEX/13 <<<
02 7B AA 00 09 13 61 AE 00 01 A5 02 7B
[2026-08-20 16:42:49.542]# RECV HEX/11 <<<
AA 00 09 13 61 AE 00 01 A5 02 7B
[2026-08-20 16:42:49.552]# RECV HEX/22 <<<
AA 00 09 13 61 AE 00 01 A4 02 7A AA 00 09 13 61 AE 00 01 A4 02 7A
[2026-08-20 16:42:49.563]# RECV HEX/11 <<<
AA 00 09 13 61 AE 00 01 A6 02 7C
[2026-08-20 16:42:49.573]# RECV HEX/11 <<<
AA 00 09 13 61 AE 00 01 A5 02 7B
[2026-08-20 16:42:49.584]# RECV HEX/22 <<<
AA 00 09 13 61 AE 00 01 A5 02 7B AA 00 09 13 61 AE 00 01 A5 02 7B
[2026-08-20 16:42:49.594]# RECV HEX/11 <<<
AA 00 09 13 61 AE 00 01 A5 02 7B
[2026-08-20 16:42:49.604]# RECV HEX/14 <<<
AA 00 09 13 61 AE 00 01 A6 02 7C AA 00 09
[2026-08-20 16:42:49.615]# RECV HEX/19 <<<
13 61 AE 00 01 A6 02 7C AA 00 09 13 61 AE 00 01 A6 02 7C
[2026-08-20 16:42:49.625]# RECV HEX/11 <<<
AA 00 09 13 61 AE 00 01 A6 02 7C
[2026-08-20 16:42:49.636]# RECV HEX/22 <<<
AA 00 09 13 61 AE 00 01 A7 02 7D AA 00 09 13 61 AE 00 01 A5 02 7B
[2026-08-20 16:42:49.646]# RECV HEX/11 <<<
AA 00 09 13 61 AE 00 01 A5 02 7B
[2026-08-20 16:42:49.656]# RECV HEX/11 <<<
AA 00 09 13 61 AE 00 01 A5 02 7B
[2026-08-20 16:42:49.667]# RECV HEX/22 <<<
AA 00 09 13 61 AE 00 01 A4 02 7A AA 00 09 13 61 AE 00 01 A4 02 7A
[2026-08-20 16:42:49.677]# RECV HEX/11 <<<
AA 00 09 13 61 AE 00 01 A4 02 7A
[2026-08-20 16:42:49.687]# RECV HEX/11 <<<
AA 00 09 13 61 AE 00 01 A4 02 7A
[2026-08-20 16:42:49.698]# RECV HEX/22 <<<
AA 00 09 13 61 AE 00 01 A5 02 7B AA 00 09 13 61 AE 00 01 A5 02 7B
[2026-08-20 16:42:49.708]# RECV HEX/11 <<<
AA 00 09 13 61 AE 00 01 A5 02 7B
[2026-08-20 16:42:49.719]# RECV HEX/22 <<<
AA 00 09 13 61 AE 00 01 A7 02 7D AA 00 09 13 61 AE 00 01 A6 02 7C
[2026-08-20 16:42:49.730]# RECV HEX/11 <<<
AA 00 09 13 61 AE 00 01 A6 02 7C
[2026-08-20 16:42:49.740]# RECV HEX/11 <<<
AA 00 09 13 61 AE 00 01 A6 02 7C
[2026-08-20 16:42:49.750]# RECV HEX/22 <<<
AA 00 09 13 61 AE 00 01 A7 02 7D AA 00 09 13 61 AE 00 01 A7 02 7D
[2026-08-20 16:42:49.761]# RECV HEX/11 <<<
AA 00 09 13 61 AE 00 01 A6 02 7C
[2026-08-20 16:42:49.771]# RECV HEX/16 <<<
AA 00 09 13 61 AE 00 01 A5 02 7B AA 00 09 13 61
[2026-08-20 16:42:49.782]# RECV HEX/17 <<<
AE 00 01 A5 02 7B AA 00 09 13 61 AE 00 01 A4 02 7A
[2026-08-20 16:42:49.792]# RECV HEX/11 <<<
AA 00 09 13 61 AE 00 01 A4 02 7A
[2026-08-20 16:42:49.803]# RECV HEX/22 <<<
AA 00 09 13 61 AE 00 01 A4 02 7A AA 00 09 13 61 AE 00 01 A4 02 7A
[2026-08-20 16:42:49.813]# RECV HEX/11 <<<
AA 00 09 13 61 AE 00 01 A6 02 7C
[2026-08-20 16:42:49.823]# RECV HEX/11 <<<
AA 00 09 13 61 AE 00 01 A5 02 7B
[2026-08-20 16:42:49.834]# RECV HEX/22 <<<
AA 00 09 13 61 AE 00 01 A5 02 7B AA 00 09 13 61 AE 00 01 A5 02 7B
[2026-08-20 16:42:49.845]# RECV HEX/11 <<<
AA 00 09 13 61 AE 00 01 A7 02 7D
[2026-08-20 16:42:49.855]# RECV HEX/22 <<<
AA 00 09 13 61 AE 00 01 A6 02 7C AA 00 09 13 61 AE 00 01 A6 02 7C
[2026-08-20 16:42:49.865]# RECV HEX/11 <<<
AA 00 09 13 61 AE 00 01 A6 02 7C
[2026-08-20 16:42:49.876]# RECV HEX/11 <<<
AA 00 09 13 61 AE 00 01 A7 02 7D
[2026-08-20 16:42:49.886]# RECV HEX/22 <<<
AA 00 09 13 61 AE 00 01 A6 02 7C AA 00 09 13 61 AE 00 01 A5 02 7B
[2026-08-20 16:42:49.897]# RECV HEX/11 <<<
AA 00 09 13 61 AE 00 01 A4 02 7A
[2026-08-20 16:42:49.907]# RECV HEX/11 <<<
AA 00 09 13 61 AE 00 01 A4 02 7A
[2026-08-20 16:42:49.918]# RECV HEX/22 <<<
AA 00 09 13 61 AE 00 01 A4 02 7A AA 00 09 13 61 AE 00 01 A4 02 7A
[2026-08-20 16:42:49.929]# RECV HEX/11 <<<
AA 00 09 13 61 AE 00 01 A5 02 7B
[2026-08-20 16:42:49.939]# RECV HEX/22 <<<
AA 00 09 13 61 AE 00 01 A5 02 7B AA 00 09 13 61 AE 00 01 A5 02 7B
[2026-08-20 16:42:49.949]# RECV HEX/11 <<<
AA 00 09 13 61 AE 00 01 A5 02 7B
[2026-08-20 16:42:49.960]# RECV HEX/11 <<<
AA 00 09 13 61 AE 00 01 A7 02 7D
[2026-08-20 16:42:49.970]# RECV HEX/22 <<<
AA 00 09 13 61 AE 00 01 A7 02 7D AA 00 09 13 61 AE 00 01 A6 02 7C
[2026-08-20 16:42:49.981]# RECV HEX/11 <<<
AA 00 09 13 61 AE 00 01 A6 02 7C
[2026-08-20 16:42:49.992]# RECV HEX/16 <<<
AA 00 09 13 61 AE 00 01 A6 02 7C AA 00 09 13 61
[2026-08-20 16:42:50.002]# RECV HEX/17 <<<
AE 00 01 A6 02 7C AA 00 09 13 61 AE 00 01 A6 02 7C
[2026-08-20 16:42:50.012]# RECV HEX/11 <<<
AA 00 09 13 61 AE 00 01 A5 02 7B
[2026-08-20 16:42:50.022]# RECV HEX/21 <<<
AA 00 09 13 61 AE 00 01 A4 02 7A AA 00 09 13 61 AE 00 01 A4 02
[2026-08-20 16:42:50.033]# RECV HEX/12 <<<
7A AA 00 09 13 61 AE 00 01 A4 02 7A
[2026-08-20 16:42:50.043]# RECV HEX/11 <<<
AA 00 09 13 61 AE 00 01 A4 02 7A
[2026-08-20 16:42:50.054]# RECV HEX/22 <<<
AA 00 09 13 61 AE 00 01 A4 02 7A AA 00 09 13 61 AE 00 01 A5 02 7B
[2026-08-20 16:42:50.064]# RECV HEX/11 <<<
AA 00 09 13 61 AE 00 01 A4 02 7A
[2026-08-20 16:42:50.075]# RECV HEX/18 <<<
AA 00 09 13 61 AE 00 01 A4 02 7A AA 00 09 13 61 AE 00
[2026-08-20 16:42:50.085]# RECV HEX/15 <<<
01 A7 02 7D AA 00 09 13 61 AE 00 01 A7 02 7D
[2026-08-20 16:42:50.096]# RECV HEX/11 <<<
AA 00 09 13 61 AE 00 01 A6 02 7C
[2026-08-20 16:42:50.107]# RECV HEX/22 <<<
AA 00 09 13 61 AE 00 01 A6 02 7C AA 00 09 13 61 AE 00 01 A7 02 7D
[2026-08-20 16:42:50.117]# RECV HEX/11 <<<
AA 00 09 13 61 AE 00 01 A5 02 7B
[2026-08-20 16:42:50.127]# RECV HEX/11 <<<
AA 00 09 13 61 AE 00 01 A5 02 7B
[2026-08-20 16:42:50.138]# RECV HEX/22 <<<
AA 00 09 13 61 AE 00 01 A4 02 7A AA 00 09 13 61 AE 00 01 A4 02 7A
[2026-08-20 16:42:50.148]# RECV HEX/11 <<<
AA 00 09 13 61 AE 00 01 A2 02 78
[2026-08-20 16:42:50.159]# RECV HEX/11 <<<
AA 00 09 13 61 AE 00 01 A2 02 78
[2026-08-20 16:42:50.159]# RECV HEX/7 <<<
AA 00 09 13 61 AE 00
[2026-08-20 16:42:50.169]# RECV HEX/15 <<<
01 A2 02 78 AA 00 09 13 61 AE 00 01 A3 02 79
[2026-08-20 16:42:50.179]# RECV HEX/11 <<<
AA 00 09 13 61 AE 00 01 A2 02 78
[2026-08-20 16:42:50.190]# RECV HEX/11 <<<
AA 00 09 13 61 AE 00 01 A2 02 78
[2026-08-20 16:42:50.200]# RECV HEX/22 <<<
AA 00 09 13 61 AE 00 01 A2 02 78 AA 00 09 13 61 AE 00 01 A2 02 78
[2026-08-20 16:42:50.211]# RECV HEX/11 <<<
AA 00 09 13 61 AE 00 01 A3 02 79
[2026-08-20 16:42:50.221]# RECV HEX/21 <<<
AA 00 09 13 61 AE 00 01 A2 02 78 AA 00 09 13 61 AE 00 01 A3 02
[2026-08-20 16:42:50.232]# RECV HEX/12 <<<
79 AA 00 09 13 61 AE 00 01 A4 02 7A
[2026-08-20 16:42:50.242]# RECV HEX/11 <<<
AA 00 09 13 61 AE 00 01 A2 02 78
[2026-08-20 16:42:50.253]# RECV HEX/22 <<<
AA 00 09 13 61 AE 00 01 A2 02 78 AA 00 09 13 61 AE 00 01 A2 02 78
[2026-08-20 16:42:50.263]# RECV HEX/11 <<<
AA 00 09 13 61 AE 00 01 A1 02 77
[2026-08-20 16:42:50.274]# RECV HEX/11 <<<
AA 00 09 13 61 AE 00 01 A1 02 77
[2026-08-20 16:42:50.284]# RECV HEX/22 <<<
AA 00 09 13 61 AE 00 01 A1 02 77 AA 00 09 13 61 AE 00 01 A1 02 77
[2026-08-20 16:42:50.295]# RECV HEX/11 <<<
AA 00 09 13 61 AE 00 01 A1 02 77
[2026-08-20 16:42:50.305]# RECV HEX/11 <<<
AA 00 09 13 61 AE 00 01 A3 02 79
[2026-08-20 16:42:50.315]# RECV HEX/22 <<<
AA 00 09 13 61 AE 00 01 A2 02 78 AA 00 09 13 61 AE 00 01 A2 02 78
[2026-08-20 16:42:50.326]# RECV HEX/11 <<<
AA 00 09 13 61 AE 00 01 A2 02 78
[2026-08-20 16:42:50.337]# RECV HEX/22 <<<
AA 00 09 13 61 AE 00 01 A4 02 7A AA 00 09 13 61 AE 00 01 A3 02 79
[2026-08-20 16:42:50.348]# RECV HEX/11 <<<
AA 00 09 13 61 AE 00 01 A4 02 7A
[2026-08-20 16:42:50.358]# RECV HEX/11 <<<
AA 00 09 13 61 AE 00 01 A5 02 7B
[2026-08-20 16:42:50.369]# RECV HEX/22 <<<
AA 00 09 13 61 AE 00 01 A4 02 7A AA 00 09 13 61 AE 00 01 A4 02 7A
[2026-08-20 16:42:50.379]# RECV HEX/11 <<<
AA 00 09 13 61 AE 00 01 A3 02 79
[2026-08-20 16:42:50.390]# RECV HEX/14 <<<
AA 00 09 13 61 AE 00 01 A3 02 79 AA 00 09
[2026-08-20 16:42:50.390]# RECV HEX/1 <<<
13
[2026-08-20 16:42:50.400]# RECV HEX/18 <<<
61 AE 00 01 A3 02 79 AA 00 09 13 61 AE 00 01 A3 02 79
[2026-08-20 16:42:50.411]# RECV HEX/11 <<<
AA 00 09 13 61 AE 00 01 A2 02 78
[2026-08-20 16:42:50.421]# RECV HEX/11 <<<
AA 00 09 13 61 AE 00 01 A2 02 78
[2026-08-20 16:42:50.421]# RECV HEX/6 <<<
AA 00 09 13 61 AE
[2026-08-20 16:42:50.431]# RECV HEX/16 <<<
00 01 A4 02 7A AA 00 09 13 61 AE 00 01 A3 02 79
[2026-08-20 16:42:50.442]# RECV HEX/11 <<<
AA 00 09 13 61 AE 00 01 A3 02 79
[2026-08-20 16:42:50.452]# RECV HEX/22 <<<
AA 00 09 13 61 AE 00 01 A6 02 7C AA 00 09 13 61 AE 00 01 A6 02 7C
[2026-08-20 16:42:50.463]# RECV HEX/11 <<<
AA 00 09 13 61 AE 00 01 A4 02 7A
[2026-08-20 16:42:50.473]# RECV HEX/11 <<<
AA 00 09 13 61 AE 00 01 A4 02 7A
[2026-08-20 16:42:50.484]# RECV HEX/22 <<<
AA 00 09 13 61 AE 00 01 A5 02 7B AA 00 09 13 61 AE 00 01 A5 02 7B
[2026-08-20 16:42:50.495]# RECV HEX/11 <<<
AA 00 09 13 61 AE 00 01 A4 02 7A
[2026-08-20 16:42:50.505]# RECV HEX/16 <<<
AA 00 09 13 61 AE 00 01 A4 02 7A AA 00 09 13 61
[2026-08-20 16:42:50.516]# RECV HEX/17 <<<
AE 00 01 A3 02 79 AA 00 09 13 61 AE 00 01 A3 02 79
[2026-08-20 16:42:50.526]# RECV HEX/11 <<<
AA 00 09 13 61 AE 00 01 A3 02 79
[2026-08-20 16:42:50.537]# RECV HEX/22 <<<
AA 00 09 13 61 AE 00 01 A3 02 79 AA 00 09 13 61 AE 00 01 A3 02 79
[2026-08-20 16:42:50.548]# RECV HEX/11 <<<
AA 00 09 13 61 AE 00 01 A4 02 7A
[2026-08-20 16:42:50.559]# RECV HEX/11 <<<
AA 00 09 13 61 AE 00 01 A4 02 7A
[2026-08-20 16:42:50.569]# RECV HEX/22 <<<
AA 00 09 13 61 AE 00 01 A4 02 7A AA 00 09 13 61 AE 00 01 A6 02 7C
[2026-08-20 16:42:50.579]# RECV HEX/11 <<<
AA 00 09 13 61 AE 00 01 A6 02 7C
[2026-08-20 16:42:50.589]# RECV HEX/15 <<<
AA 00 09 13 61 AE 00 01 A5 02 7B AA 00 09 13
[2026-08-20 16:42:50.600]# RECV HEX/18 <<<
61 AE 00 01 A5 02 7B AA 00 09 13 61 AE 00 01 A6 02 7C
[2026-08-20 16:42:50.610]# RECV HEX/11 <<<
AA 00 09 13 61 AE 00 01 A6 02 7C
[2026-08-20 16:42:50.621]# RECV HEX/22 <<<
AA 00 09 13 61 AE 00 01 A4 02 7A AA 00 09 13 61 AE 00 01 A4 02 7A
[2026-08-20 16:42:50.631]# RECV HEX/11 <<<
AA 00 09 13 61 AE 00 01 A4 02 7A
[2026-08-20 16:42:50.642]# RECV HEX/11 <<<
AA 00 09 13 61 AE 00 01 A3 02 79
[2026-08-20 16:42:50.652]# RECV HEX/22 <<<
AA 00 09 13 61 AE 00 01 A3 02 79 AA 00 09 13 61 AE 00 01 A3 02 79
[2026-08-20 16:42:50.663]# RECV HEX/11 <<<
AA 00 09 13 61 AE 00 01 A4 02 7A
[2026-08-20 16:42:50.673]# RECV HEX/11 <<<
AA 00 09 13 61 AE 00 01 A4 02 7A
[2026-08-20 16:42:50.683]# RECV HEX/22 <<<
AA 00 09 13 61 AE 00 01 A4 02 7A AA 00 09 13 61 AE 00 01 A4 02 7A
[2026-08-20 16:42:50.694]# RECV HEX/11 <<<
AA 00 09 13 61 AE 00 01 A4 02 7A
[2026-08-20 16:42:50.704]# RECV HEX/19 <<<
AA 00 09 13 61 AE 00 01 A5 02 7B AA 00 09 13 61 AE 00 01
[2026-08-20 16:42:50.715]# RECV HEX/14 <<<
A5 02 7B AA 00 09 13 61 AE 00 01 A5 02 7B
[2026-08-20 16:42:50.725]# RECV HEX/11 <<<
AA 00 09 13 61 AE 00 01 A6 02 7C
[2026-08-20 16:42:50.736]# RECV HEX/22 <<<
AA 00 09 13 61 AE 00 01 A6 02 7C AA 00 09 13 61 AE 00 01 A4 02 7A
[2026-08-20 16:42:50.747]# RECV HEX/11 <<<
AA 00 09 13 61 AE 00 01 A3 02 79
[2026-08-20 16:42:50.757]# RECV HEX/12 <<<
AA 00 09 13 61 AE 00 01 A3 02 79 AA
[2026-08-20 16:42:50.767]# RECV HEX/21 <<<
00 09 13 61 AE 00 01 A3 02 79 AA 00 09 13 61 AE 00 01 A3 02 79
[2026-08-20 16:42:50.778]# RECV HEX/11 <<<
AA 00 09 13 61 AE 00 01 A3 02 79
[2026-08-20 16:42:50.788]# RECV HEX/15 <<<
AA 00 09 13 61 AE 00 01 A4 02 7A AA 00 09 13
[2026-08-20 16:42:50.799]# RECV HEX/18 <<<
61 AE 00 01 A4 02 7A AA 00 09 13 61 AE 00 01 A3 02 79
[2026-08-20 16:42:50.809]# RECV HEX/11 <<<
AA 00 09 13 61 AE 00 01 A3 02 79
[2026-08-20 16:42:50.820]# RECV HEX/21 <<<
AA 00 09 13 61 AE 00 01 A3 02 79 AA 00 09 13 61 AE 00 01 A5 02
[2026-08-20 16:42:50.820]# RECV HEX/1 <<<
7B
[2026-08-20 16:42:50.830]# RECV HEX/11 <<<
AA 00 09 13 61 AE 00 01 A5 02 7B
[2026-08-20 16:42:50.841]# RECV HEX/11 <<<
AA 00 09 13 61 AE 00 01 A5 02 7B
[2026-08-20 16:42:50.851]# RECV HEX/22 <<<
AA 00 09 13 61 AE 00 01 A5 02 7B AA 00 09 13 61 AE 00 01 A4 02 7A
[2026-08-20 16:42:50.861]# RECV HEX/11 <<<
AA 00 09 13 61 AE 00 01 A4 02 7A
[2026-08-20 16:42:50.872]# RECV HEX/14 <<<
AA 00 09 13 61 AE 00 01 A4 02 7A AA 00 09
[2026-08-20 16:42:50.882]# RECV HEX/19 <<<
13 61 AE 00 01 A3 02 79 AA 00 09 13 61 AE 00 01 A2 02 78
[2026-08-20 16:42:50.893]# RECV HEX/11 <<<
AA 00 09 13 61 AE 00 01 A2 02 78
[2026-08-20 16:42:50.903]# RECV HEX/16 <<<
AA 00 09 13 61 AE 00 01 A2 02 78 AA 00 09 13 61
[2026-08-20 16:42:50.914]# RECV HEX/17 <<<
AE 00 01 A2 02 78 AA 00 09 13 61 AE 00 01 A4 02 7A
[2026-08-20 16:42:50.925]# RECV HEX/11 <<<
AA 00 09 13 61 AE 00 01 A3 02 79
[2026-08-20 16:42:50.935]# RECV HEX/22 <<<
AA 00 09 13 61 AE 00 01 A3 02 79 AA 00 09 13 61 AE 00 01 A3 02 79
[2026-08-20 16:42:50.946]# RECV HEX/11 <<<
AA 00 09 13 61 AE 00 01 A4 02 7A
[2026-08-20 16:42:50.956]# RECV HEX/11 <<<
AA 00 09 13 61 AE 00 01 A4 02 7A
[2026-08-20 16:42:50.967]# RECV HEX/22 <<<
AA 00 09 13 61 AE 00 01 A4 02 7A AA 00 09 13 61 AE 00 01 A5 02 7B
[2026-08-20 16:42:50.977]# RECV HEX/11 <<<
AA 00 09 13 61 AE 00 01 A5 02 7B
[2026-08-20 16:42:50.988]# RECV HEX/14 <<<
AA 00 09 13 61 AE 00 01 A4 02 7A AA 00 09
[2026-08-20 16:42:50.988]# RECV HEX/8 <<<
13 61 AE 00 01 A3 02 79
[2026-08-20 16:42:50.998]# RECV HEX/11 <<<
AA 00 09 13 61 AE 00 01 A3 02 79
[2026-08-20 16:42:51.009]# RECV HEX/11 <<<
AA 00 09 13 61 AE 00 01 A3 02 79
[2026-08-20 16:42:51.020]# RECV HEX/22 <<<
AA 00 09 13 61 AE 00 01 A2 02 78 AA 00 09 13 61 AE 00 01 A2 02 78
[2026-08-20 16:42:51.030]# RECV HEX/11 <<<
AA 00 09 13 61 AE 00 01 A4 02 7A
[2026-08-20 16:42:51.041]# RECV HEX/11 <<<
AA 00 09 13 61 AE 00 01 A3 02 79
[2026-08-20 16:42:51.051]# RECV HEX/22 <<<
AA 00 09 13 61 AE 00 01 A3 02 79 AA 00 09 13 61 AE 00 01 A3 02 79
[2026-08-20 16:42:51.061]# RECV HEX/11 <<<
AA 00 09 13 61 AE 00 01 A5 02 7B
[2026-08-20 16:42:51.072]# RECV HEX/11 <<<
AA 00 09 13 61 AE 00 01 A4 02 7A
[2026-08-20 16:42:51.072]# RECV HEX/7 <<<
AA 00 09 13 61 AE 00
[2026-08-20 16:42:51.082]# RECV HEX/15 <<<
01 A4 02 7A AA 00 09 13 61 AE 00 01 A4 02 7A
[2026-08-20 16:42:51.093]# RECV HEX/11 <<<
AA 00 09 13 61 AE 00 01 A4 02 7A
[2026-08-20 16:42:51.104]# RECV HEX/22 <<<
AA 00 09 13 61 AE 00 01 A3 02 79 AA 00 09 13 61 AE 00 01 A3 02 79
[2026-08-20 16:42:51.114]# RECV HEX/11 <<<
AA 00 09 13 61 AE 00 01 A3 02 79
[2026-08-20 16:42:51.124]# RECV HEX/11 <<<
AA 00 09 13 61 AE 00 01 A2 02 78
[2026-08-20 16:42:51.135]# RECV HEX/22 <<<
AA 00 09 13 61 AE 00 01 A2 02 78 AA 00 09 13 61 AE 00 01 A2 02 78
[2026-08-20 16:42:51.145]# RECV HEX/11 <<<
AA 00 09 13 61 AE 00 01 A2 02 78
[2026-08-20 16:42:51.155]# RECV HEX/11 <<<
AA 00 09 13 61 AE 00 01 A3 02 79
[2026-08-20 16:42:51.166]# RECV HEX/22 <<<
AA 00 09 13 61 AE 00 01 A3 02 79 AA 00 09 13 61 AE 00 01 A2 02 78
[2026-08-20 16:42:51.177]# RECV HEX/11 <<<
AA 00 09 13 61 AE 00 01 A2 02 78
[2026-08-20 16:42:51.187]# RECV HEX/11 <<<
AA 00 09 13 61 AE 00 01 A2 02 78
[2026-08-20 16:42:51.198]# RECV HEX/22 <<<
AA 00 09 13 61 AE 00 01 A3 02 79 AA 00 09 13 61 AE 00 01 A3 02 79
[2026-08-20 16:42:51.208]# RECV HEX/11 <<<
AA 00 09 13 61 AE 00 01 A3 02 79
[2026-08-20 16:42:51.219]# RECV HEX/22 <<<
AA 00 09 13 61 AE 00 01 A3 02 79 AA 00 09 13 61 AE 00 01 A3 02 79
[2026-08-20 16:42:51.229]# RECV HEX/11 <<<
AA 00 09 13 61 AE 00 01 A2 02 78
[2026-08-20 16:42:51.240]# RECV HEX/11 <<<
AA 00 09 13 61 AE 00 01 A2 02 78
[2026-08-20 16:42:51.251]# RECV HEX/22 <<<
AA 00 09 13 61 AE 00 01 A1 02 77 AA 00 09 13 61 AE 00 01 A1 02 77
[2026-08-20 16:42:51.261]# RECV HEX/11 <<<
AA 00 09 13 61 AE 00 01 A1 02 77
[2026-08-20 16:42:51.271]# RECV HEX/11 <<<
AA 00 09 13 61 AE 00 01 A1 02 77
[2026-08-20 16:42:51.281]# RECV HEX/22 <<<
AA 00 09 13 61 AE 00 01 A1 02 77 AA 00 09 13 61 AE 00 01 A2 02 78
[2026-08-20 16:42:51.292]# RECV HEX/11 <<<
AA 00 09 13 61 AE 00 01 A2 02 78
[2026-08-20 16:42:51.302]# RECV HEX/11 <<<
AA 00 09 13 61 AE 00 01 A2 02 78
[2026-08-20 16:42:51.313]# RECV HEX/22 <<<
AA 00 09 13 61 AE 00 01 A4 02 7A AA 00 09 13 61 AE 00 01 A4 02 7A
[2026-08-20 16:42:51.323]# RECV HEX/11 <<<
AA 00 09 13 61 AE 00 01 A3 02 79
[2026-08-20 16:42:51.334]# RECV HEX/12 <<<
AA 00 09 13 61 AE 00 01 A3 02 79 AA
[2026-08-20 16:42:51.344]# RECV HEX/21 <<<
00 09 13 61 AE 00 01 A2 02 78 AA 00 09 13 61 AE 00 01 A2 02 78
[2026-08-20 16:42:51.355]# RECV HEX/11 <<<
AA 00 09 13 61 AE 00 01 A2 02 78
[2026-08-20 16:42:51.365]# RECV HEX/11 <<<
AA 00 09 13 61 AE 00 01 A1 02 77
[2026-08-20 16:42:51.376]# RECV HEX/22 <<<
AA 00 09 13 61 AE 00 01 A1 02 77 AA 00 09 13 61 AE 00 01 A0 02 76
[2026-08-20 16:42:51.386]# RECV HEX/11 <<<
AA 00 09 13 61 AE 00 01 A0 02 76
[2026-08-20 16:42:51.396]# RECV HEX/11 <<<
AA 00 09 13 61 AE 00 01 A0 02 76
[2026-08-20 16:42:51.407]# RECV HEX/22 <<<
AA 00 09 13 61 AE 00 01 A2 02 78 AA 00 09 13 61 AE 00 01 A1 02 77
[2026-08-20 16:42:51.417]# RECV HEX/11 <<<
AA 00 09 13 61 AE 00 01 A1 02 77
[2026-08-20 16:42:51.427]# RECV HEX/11 <<<
AA 00 09 13 61 AE 00 01 A1 02 77
[2026-08-20 16:42:51.438]# RECV HEX/22 <<<
AA 00 09 13 61 AE 00 01 A3 02 79 AA 00 09 13 61 AE 00 01 A3 02 79
[2026-08-20 16:42:51.448]# RECV HEX/11 <<<
AA 00 09 13 61 AE 00 01 A2 02 78
[2026-08-20 16:42:51.459]# RECV HEX/11 <<<
AA 00 09 13 61 AE 00 01 A2 02 78
[2026-08-20 16:42:51.459]# RECV HEX/9 <<<
AA 00 09 13 61 AE 00 01 A3
[2026-08-20 16:42:51.469]# RECV HEX/13 <<<
02 79 AA 00 09 13 61 AE 00 01 A3 02 79
[2026-08-20 16:42:51.479]# RECV HEX/11 <<<
AA 00 09 13 61 AE 00 01 A2 02 78
[2026-08-20 16:42:51.490]# RECV HEX/11 <<<
AA 00 09 13 61 AE 00 01 A1 02 77
[2026-08-20 16:42:51.490]# RECV HEX/8 <<<
AA 00 09 13 61 AE 00 01
[2026-08-20 16:42:51.500]# RECV HEX/14 <<<
A0 02 76 AA 00 09 13 61 AE 00 01 A0 02 76
[2026-08-20 16:42:51.511]# RECV HEX/11 <<<
AA 00 09 13 61 AE 00 01 9F 02 75
[2026-08-20 16:42:51.521]# RECV HEX/14 <<<
AA 00 09 13 61 AE 00 01 A0 02 76 AA 00 09
[2026-08-20 16:42:51.531]# RECV HEX/19 <<<
13 61 AE 00 01 A0 02 76 AA 00 09 13 61 AE 00 01 A1 02 77
[2026-08-20 16:42:51.542]# RECV HEX/11 <<<
AA 00 09 13 61 AE 00 01 A0 02 76
[2026-08-20 16:42:51.553]# RECV HEX/11 <<<
AA 00 09 13 61 AE 00 01 A0 02 76
[2026-08-20 16:42:51.563]# RECV HEX/22 <<<
AA 00 09 13 61 AE 00 01 A0 02 76 AA 00 09 13 61 AE 00 01 A1 02 77
[2026-08-20 16:42:51.574]# RECV HEX/11 <<<
AA 00 09 13 61 AE 00 01 A1 02 77
[2026-08-20 16:42:51.584]# RECV HEX/22 <<<
AA 00 09 13 61 AE 00 01 A1 02 77 AA 00 09 13 61 AE 00 01 A2 02 78
[2026-08-20 16:42:51.594]# RECV HEX/11 <<<
AA 00 09 13 61 AE 00 01 A1 02 77
[2026-08-20 16:42:51.605]# RECV HEX/11 <<<
AA 00 09 13 61 AE 00 01 A1 02 77
[2026-08-20 16:42:51.616]# RECV HEX/22 <<<
AA 00 09 13 61 AE 00 01 A1 02 77 AA 00 09 13 61 AE 00 01 A0 02 76
[2026-08-20 16:42:51.626]# RECV HEX/11 <<<
AA 00 09 13 61 AE 00 01 9F 02 75
[2026-08-20 16:42:51.637]# RECV HEX/11 <<<
AA 00 09 13 61 AE 00 01 9F 02 75
[2026-08-20 16:42:51.647]# RECV HEX/22 <<<
AA 00 09 13 61 AE 00 01 9F 02 75 AA 00 09 13 61 AE 00 01 A1 02 77
[2026-08-20 16:42:51.658]# RECV HEX/11 <<<
AA 00 09 13 61 AE 00 01 A0 02 76
[2026-08-20 16:42:51.669]# RECV HEX/11 <<<
AA 00 09 13 61 AE 00 01 A0 02 76
[2026-08-20 16:42:51.679]# RECV HEX/22 <<<
AA 00 09 13 61 AE 00 01 A0 02 76 AA 00 09 13 61 AE 00 01 A2 02 78
[2026-08-20 16:42:51.690]# RECV HEX/11 <<<
AA 00 09 13 61 AE 00 01 A2 02 78
[2026-08-20 16:42:51.700]# RECV HEX/11 <<<
AA 00 09 13 61 AE 00 01 A1 02 77
[2026-08-20 16:42:51.710]# RECV HEX/22 <<<
AA 00 09 13 61 AE 00 01 A1 02 77 AA 00 09 13 61 AE 00 01 A1 02 77
[2026-08-20 16:42:51.721]# RECV HEX/11 <<<
AA 00 09 13 61 AE 00 01 A0 02 76
[2026-08-20 16:42:51.731]# RECV HEX/11 <<<
AA 00 09 13 61 AE 00 01 A0 02 76
[2026-08-20 16:42:51.742]# RECV HEX/22 <<<
AA 00 09 13 61 AE 00 01 A0 02 76 AA 00 09 13 61 AE 00 01 A0 02 76
[2026-08-20 16:42:51.752]# RECV HEX/11 <<<
AA 00 09 13 61 AE 00 01 9F 02 75
[2026-08-20 16:42:51.762]# RECV HEX/11 <<<
AA 00 09 13 61 AE 00 01 9F 02 75
[2026-08-20 16:42:51.773]# RECV HEX/22 <<<
AA 00 09 13 61 AE 00 01 9F 02 75 AA 00 09 13 61 AE 00 01 9F 02 75
[2026-08-20 16:42:51.783]# RECV HEX/11 <<<
AA 00 09 13 61 AE 00 01 9F 02 75
[2026-08-20 16:42:51.794]# RECV HEX/11 <<<
AA 00 09 13 61 AE 00 01 9F 02 75
[2026-08-20 16:42:51.804]# RECV HEX/22 <<<
AA 00 09 13 61 AE 00 01 A0 02 76 AA 00 09 13 61 AE 00 01 A0 02 76
[2026-08-20 16:42:51.814]# RECV HEX/11 <<<
AA 00 09 13 61 AE 00 01 A2 02 78
[2026-08-20 16:42:51.825]# RECV HEX/11 <<<
AA 00 09 13 61 AE 00 01 A1 02 77
[2026-08-20 16:42:51.836]# RECV HEX/22 <<<
AA 00 09 13 61 AE 00 01 A1 02 77 AA 00 09 13 61 AE 00 01 A1 02 77
[2026-08-20 16:42:51.847]# RECV HEX/11 <<<
AA 00 09 13 61 AE 00 01 A0 02 76
[2026-08-20 16:42:51.857]# RECV HEX/11 <<<
AA 00 09 13 61 AE 00 01 A0 02 76
[2026-08-20 16:42:51.867]# RECV HEX/22 <<<
AA 00 09 13 61 AE 00 01 9F 02 75 AA 00 09 13 61 AE 00 01 9F 02 75
[2026-08-20 16:42:51.878]# RECV HEX/11 <<<
AA 00 09 13 61 AE 00 01 9E 02 74
[2026-08-20 16:42:51.888]# RECV HEX/11 <<<
AA 00 09 13 61 AE 00 01 9D 02 73
[2026-08-20 16:42:51.899]# RECV HEX/22 <<<
AA 00 09 13 61 AE 00 01 9D 02 73 AA 00 09 13 61 AE 00 01 9D 02 73
[2026-08-20 16:42:51.910]# RECV HEX/11 <<<
AA 00 09 13 61 AE 00 01 9C 02 72
[2026-08-20 16:42:51.920]# RECV HEX/11 <<<
AA 00 09 13 61 AE 00 01 9C 02 72
[2026-08-20 16:42:51.930]# RECV HEX/21 <<<
AA 00 09 13 61 AE 00 01 9C 02 72 AA 00 09 13 61 AE 00 01 9D 02
[2026-08-20 16:42:51.941]# RECV HEX/12 <<<
73 AA 00 09 13 61 AE 00 01 9D 02 73
[2026-08-20 16:42:51.952]# RECV HEX/11 <<<
AA 00 09 13 61 AE 00 01 9C 02 72
[2026-08-20 16:42:51.962]# RECV HEX/21 <<<
AA 00 09 13 61 AE 00 01 9C 02 72 AA 00 09 13 61 AE 00 01 9C 02
[2026-08-20 16:42:51.973]# RECV HEX/12 <<<
72 AA 00 09 13 61 AE 00 01 9C 02 72
[2026-08-20 16:42:51.983]# RECV HEX/11 <<<
AA 00 09 13 61 AE 00 01 9C 02 72
[2026-08-20 16:42:51.994]# RECV HEX/11 <<<
AA 00 09 13 61 AE 00 01 9C 02 72
[2026-08-20 16:42:52.004]# RECV HEX/22 <<<
AA 00 09 13 61 AE 00 01 9B 02 71 AA 00 09 13 61 AE 00 01 9B 02 71
[2026-08-20 16:42:52.015]# RECV HEX/11 <<<
AA 00 09 13 61 AE 00 01 9B 02 71
[2026-08-20 16:42:52.025]# RECV HEX/11 <<<
AA 00 09 13 61 AE 00 01 9B 02 71
[2026-08-20 16:42:52.036]# RECV HEX/22 <<<
AA 00 09 13 61 AE 00 01 9D 02 73 AA 00 09 13 61 AE 00 01 9C 02 72
[2026-08-20 16:42:52.046]# RECV HEX/11 <<<
AA 00 09 13 61 AE 00 01 9D 02 73
[2026-08-20 16:42:52.057]# RECV HEX/11 <<<
AA 00 09 13 61 AE 00 01 9D 02 73
[2026-08-20 16:42:52.067]# RECV HEX/22 <<<
AA 00 09 13 61 AE 00 01 9F 02 75 AA 00 09 13 61 AE 00 01 9F 02 75
[2026-08-20 16:42:52.077]# RECV HEX/11 <<<
AA 00 09 13 61 AE 00 01 9E 02 74
[2026-08-20 16:42:52.088]# RECV HEX/11 <<<
AA 00 09 13 61 AE 00 01 9E 02 74
[2026-08-20 16:42:52.098]# RECV HEX/21 <<<
AA 00 09 13 61 AE 00 01 A0 02 76 AA 00 09 13 61 AE 00 01 A0 02
[2026-08-20 16:42:52.109]# RECV HEX/12 <<<
76 AA 00 09 13 61 AE 00 01 9E 02 74
[2026-08-20 16:42:52.119]# RECV HEX/11 <<<
AA 00 09 13 61 AE 00 01 9D 02 73
[2026-08-20 16:42:52.129]# RECV HEX/11 <<<
AA 00 09 13 61 AE 00 01 9D 02 73
[2026-08-20 16:42:52.140]# RECV HEX/22 <<<
AA 00 09 13 61 AE 00 01 9D 02 73 AA 00 09 13 61 AE 00 01 9D 02 73
[2026-08-20 16:42:52.150]# RECV HEX/11 <<<
AA 00 09 13 61 AE 00 01 9D 02 73
[2026-08-20 16:42:52.161]# RECV HEX/11 <<<
AA 00 09 13 61 AE 00 01 9F 02 75
[2026-08-20 16:42:52.161]# RECV HEX/2 <<<
AA 00
[2026-08-20 16:42:52.172]# RECV HEX/20 <<<
09 13 61 AE 00 01 9E 02 74 AA 00 09 13 61 AE 00 01 9E 02 74
[2026-08-20 16:42:52.182]# RECV HEX/11 <<<
AA 00 09 13 61 AE 00 01 9E 02 74
[2026-08-20 16:42:52.192]# RECV HEX/11 <<<
AA 00 09 13 61 AE 00 01 9F 02 75
[2026-08-20 16:42:52.202]# RECV HEX/22 <<<
AA 00 09 13 61 AE 00 01 9F 02 75 AA 00 09 13 61 AE 00 01 A0 02 76
[2026-08-20 16:42:52.213]# RECV HEX/11 <<<
AA 00 09 13 61 AE 00 01 9F 02 75
[2026-08-20 16:42:52.223]# RECV HEX/11 <<<
AA 00 09 13 61 AE 00 01 A0 02 76
[2026-08-20 16:42:52.234]# RECV HEX/22 <<<
AA 00 09 13 61 AE 00 01 A0 02 76 AA 00 09 13 61 AE 00 01 9E 02 74
[2026-08-20 16:42:52.244]# RECV HEX/11 <<<
AA 00 09 13 61 AE 00 01 9E 02 74
[2026-08-20 16:42:52.255]# RECV HEX/11 <<<
AA 00 09 13 61 AE 00 01 9D 02 73
[2026-08-20 16:42:52.266]# RECV HEX/22 <<<
AA 00 09 13 61 AE 00 01 9D 02 73 AA 00 09 13 61 AE 00 01 9D 02 73
[2026-08-20 16:42:52.276]# RECV HEX/11 <<<
AA 00 09 13 61 AE 00 01 9D 02 73
[2026-08-20 16:42:52.286]# RECV HEX/11 <<<
AA 00 09 13 61 AE 00 01 9F 02 75
[2026-08-20 16:42:52.297]# RECV HEX/18 <<<
AA 00 09 13 61 AE 00 01 9F 02 75 AA 00 09 13 61 AE 00
[2026-08-20 16:42:52.297]# RECV HEX/4 <<<
01 9E 02 74
[2026-08-20 16:42:52.307]# RECV HEX/11 <<<
AA 00 09 13 61 AE 00 01 9E 02 74
[2026-08-20 16:42:52.318]# RECV HEX/11 <<<
AA 00 09 13 61 AE 00 01 9E 02 74
[2026-08-20 16:42:52.328]# RECV HEX/22 <<<
AA 00 09 13 61 AE 00 01 A0 02 76 AA 00 09 13 61 AE 00 01 9F 02 75
[2026-08-20 16:42:52.339]# RECV HEX/11 <<<
AA 00 09 13 61 AE 00 01 9F 02 75
[2026-08-20 16:42:52.349]# RECV HEX/11 <<<
AA 00 09 13 61 AE 00 01 A0 02 76
[2026-08-20 16:42:52.359]# RECV HEX/17 <<<
AA 00 09 13 61 AE 00 01 9F 02 75 AA 00 09 13 61 AE
[2026-08-20 16:42:52.370]# RECV HEX/16 <<<
00 01 9F 02 75 AA 00 09 13 61 AE 00 01 9E 02 74
[2026-08-20 16:42:52.380]# RECV HEX/11 <<<
AA 00 09 13 61 AE 00 01 9D 02 73
[2026-08-20 16:42:52.391]# RECV HEX/18 <<<
AA 00 09 13 61 AE 00 01 9D 02 73 AA 00 09 13 61 AE 00
[2026-08-20 16:42:52.402]# RECV HEX/15 <<<
01 9D 02 73 AA 00 09 13 61 AE 00 01 9D 02 73
[2026-08-20 16:42:52.412]# RECV HEX/11 <<<
AA 00 09 13 61 AE 00 01 9D 02 73
[2026-08-20 16:42:52.422]# RECV HEX/11 <<<
AA 00 09 13 61 AE 00 01 9E 02 74
[2026-08-20 16:42:52.432]# RECV HEX/22 <<<
AA 00 09 13 61 AE 00 01 9D 02 73 AA 00 09 13 61 AE 00 01 9E 02 74
[2026-08-20 16:42:52.443]# RECV HEX/11 <<<
AA 00 09 13 61 AE 00 01 9F 02 75
[2026-08-20 16:42:52.453]# RECV HEX/11 <<<
AA 00 09 13 61 AE 00 01 9F 02 75
[2026-08-20 16:42:52.464]# RECV HEX/22 <<<
AA 00 09 13 61 AE 00 01 9E 02 74 AA 00 09 13 61 AE 00 01 9F 02 75
[2026-08-20 16:42:52.475]# RECV HEX/11 <<<
AA 00 09 13 61 AE 00 01 9F 02 75
[2026-08-20 16:42:52.485]# RECV HEX/11 <<<
AA 00 09 13 61 AE 00 01 9F 02 75
[2026-08-20 16:42:52.495]# RECV HEX/25 <<<
AA 00 09 13 61 AE 00 01 9E 02 74 AA 00 3C 13 61 AD 00 34 9D 00 AB 46 50 4F
[2026-08-20 16:42:52.506]# RECV HEX/98 <<<
0A 00 00 00 00 00 00 00 00 00 00 00 00 00 00 00 00 00 00 00 00 00 00 00 00 00 00 00 00 00 00 00 00 00 00 00 00 00 00 00 00 00 00 00 00 00 04 72 AA 00 39 13 61 AD 00 31 9D 00 AB 4F 85 57 7F 00 00 00 00 00 00 00 00 00 00 00 00 00 00 00 87 00 
00 AA 01 B0 AC 01 B1 8A 01 B1 83 01 B3 95 01 B2 B1 01
[2026-08-20 16:42:52.517]# RECV HEX/71 <<<
B3 B0 01 B4 AB 01 B6 10 4E AA 00 3C 13 61 AD 00 34 9C 00 AB 58 1B 60 AD AC 01 B9 AD 01 BB AE 01 BF AB 01 C3 AB 01 C7 AA 01 CC AC 01 D2 AD 01 D7 AF 01 DC AF 00 00 A4 00 00 A7 01 F4 00 00 00 00 00 00 00 00 00 15 17
[2026-08-20 16:42:52.527]# RECV HEX/74 <<<
AA 00 39 13 61 AD 00 31 9C 00 AB 61 48 69 3C 00 00 00 00 00 00 00 00 00 00 00 00 00 00 00 00 00 00 00 00 00 00 00 00 00 00 00 00 00 00 00 00 00 00 00 00 00 00 00 00 00 00 04 CA AA 00 39 13 61 AD 00 31 9C 00 AB 69 D7 71 CA
[2026-08-20 16:42:52.538]# RECV HEX/78 <<<
00 00 00 00 00 00 00 00 00 00 00 00 00 00 00 00 00 00 00 00 00 00 00 00 00 00 00 00 00 00 00 00 00 00 00 00 00 00 00 00 00 00 05 F7 AA 00 3C 13 61 AD 00 34 9D 00 AB 72 66 7B 07 00 00 00 89 00 00 4C 00 00 5C 00 00 00 00 00 00 00 00 00
[2026-08-20 16:42:52.538]# RECV HEX/11 <<<
00 00 8E 03 5E B0 00 00 B2 00 00
[2026-08-20 16:42:52.538]# RECV HEX/1 <<<
B3
[2026-08-20 16:42:52.548]# RECV HEX/75 <<<
00 00 B1 00 00 B3 09 4B B3 08 E8 AC 08 E5 0E 06 AA 00 39 13 61 AD 00 31 9D 00 AB 7B A3 83 9E B3 00 00 B3 09 C0 B2 0A 51 B2 09 C2 B2 09 6D B2 09 56 B0 09 57 B0 09 74 B1 09 B8 B2 09 BD B2 09 FA B3 0A 03 B2 09 8E AE 09 B0 16 FA
[2026-08-20 16:42:52.559]# RECV HEX/70 <<<
AA 00 39 13 61 AD 00 31 9C 00 AB 84 3A 8C 31 B2 00 00 B3 0B B9 A8 0C AB 00 00 00 00 00 00 B4 00 00 B3 10 08 B1 10 70 B4 10 E2 B4 11 50 87 00 00 3F 00 00 7E 1D A4 A1 1D FF 11 AC AA 00 3C 13 61 AD 00 34 9D 00 AB
[2026-08-20 16:42:52.570]# RECV HEX/98 <<<
00 2D 08 C6 00 00 00 56 00 00 69 24 E0 4C 27 05 B2 29 12 B1 00 00 B2 31 13 B1 31 2B B4 30 F0 B4 30 7A B6 2F F1 B2 2F 5F 62 00 00 B5 25 AB B4 25 90 13 F2 AA 00 39 13 61 AD 00 31 9F 00 AB 09 64 11 79 B4 26 4E B3 00 00 B0 2F 07 B3 2E CD B2 2E 
AD B2 2E 98 B3 2E 83 B4 2E 4E B6 2E 63 B4 2E 98 B5 00
[2026-08-20 16:42:52.580]# RECV HEX/71 <<<
00 B2 05 59 AE 05 5F B2 05 70 15 3D AA 00 39 13 61 AD 00 31 9E 00 AB 12 16 1A 1C 9A 05 8E 00 00 00 00 00 00 00 00 00 00 00 00 00 00 00 00 00 00 00 00 00 00 00 00 00 00 00 00 00 00 00 00 00 00 00 00 00 00 00 05 09
[2026-08-20 16:42:52.591]# RECV HEX/72 <<<
AA 00 39 13 61 AD 00 31 9D 00 AB 1A B9 22 BD 00 00 00 00 00 00 00 00 00 00 00 00 00 00 00 00 00 00 00 00 00 00 00 00 00 00 00 00 00 00 00 00 00 00 00 00 00 00 00 00 00 00 05 2F AA 00 39 13 61 AD 00 31 9D 00 AB 23 5A
[2026-08-20 16:42:52.601]# RECV HEX/83 <<<
2B 5C 00 00 00 00 00 00 00 00 00 00 00 00 00 00 00 00 00 00 00 00 00 00 00 00 00 00 00 00 00 00 00 00 00 00 00 00 53 00 00 AE 00 00 05 82 AA 00 3C 13 61 AD 00 34 9E 00 AB 2B F9 34 AA AE 01 C8 AC 01 C0 AE 01 BF AE 01 BE AC 01 BE AC 01 BF AA 
01 BE AB
[2026-08-20 16:42:52.612]# RECV HEX/84 <<<
01 C0 A1 01 BC AD 01 C6 8F 00 00 00 00 00 00 00 00 00 00 00 AD 00 00 14 FF AA 00 39 13 61 AD 00 31 9D 00 AB 35 46 3D 44 AC 02 99 AE 02 95 B0 02 96 AE 02 9F 53 00 00 00 00 00 00 00 00 00 00 00 00 00 00 00 00 00 56 00 00 AA 00 00 4B 11 0D 00 
00 00 0B 58
[2026-08-20 16:42:52.622]# RECV HEX/62 <<<
AA 00 39 13 61 AD 00 31 9D 00 AB 3D E0 45 D8 00 00 00 00 00 00 00 00 00 00 00 00 00 00 00 00 00 00 00 00 00 00 00 00 00 00 00 00 00 00 00 00 00 00 00 00 00 00 00 00 00 00 05 B7 AA 00 3C
[2026-08-20 16:42:52.633]# RECV HEX/98 <<<
13 61 AD 00 34 9C 00 AB 46 74 4F 07 00 00 00 00 00 00 00 00 00 00 00 00 00 00 00 00 00 00 00 00 00 00 00 00 00 00 00 00 00 00 00 00 00 00 00 00 00 00 00 00 00 00 00 00 00 04 92 AA 00 39 13 61 AD 00 31 9C 00 AB 4F A2 57 90 00 00 00 00 00 00 
00 00 00 00 00 00 49 00 00 AA 01 AC A9 01 AF A9 01 AF
[2026-08-20 16:42:52.644]# RECV HEX/79 <<<
83 01 B1 73 01 B2 A3 01 B1 B0 01 B3 B2 01 B5 AF 01 B7 11 89 AA 00 39 13 61 AD 00 31 9C 00 AB 58 2B 60 19 AD 01 BA AD 01 BD AF 01 C1 AC 01 C6 AC 01 CB AE 01 D0 AE 01 D7 AD 01 DD AE 01 E2 AF 00 00 AB 00 00 A4 01 FD 00 00 00 00 00 00 14 C4
[2026-08-20 16:42:52.655]# RECV HEX/66 <<<
AA 00 3C 13 61 AD 00 34 9C 00 AB 60 B4 69 3D 00 00 00 00 00 00 00 00 00 00 00 00 00 00 00 00 00 00 00 00 00 00 00 00 00 00 00 00 00 00 00 00 00 00 00 00 00 00 00 00 00 00 00 00 00 05 3C AA 00 39 13
[2026-08-20 16:42:52.655]# RECV HEX/11 <<<
61 AD 00 31 9C 00 AB 69 D9 71 C6
[2026-08-20 16:42:52.665]# RECV HEX/79 <<<
00 00 00 00 00 00 00 00 00 00 00 00 00 00 00 00 00 00 00 00 00 00 00 00 00 00 00 00 00 00 00 00 00 00 00 00 00 00 00 00 00 00 05 F5 AA 00 3C 13 61 AD 00 34 9D 00 AB 72 62 7B 01 75 00 00 7E 00 00 8C 00 00 00 00 00 00 00 00 56 00 00 4A 03
[2026-08-20 16:42:52.676]# RECV HEX/86 <<<
5D 4D 03 6B AE 00 00 B1 00 00 00 00 00 B6 00 00 B3 09 4D B3 08 E9 AC 08 E8 0E 6B AA 00 39 13 61 AD 00 31 9C 00 AB 7B 9C 83 8F B3 00 00 B6 09 CB B2 0A 5A B4 09 CF B2 09 77 B0 09 57 B1 09 5C B1 09 7B B2 09 B9 B4 09 BC B1 09 F9 B1 09 EA B2 09 
E1 AC 09 9E 18 44
[2026-08-20 16:42:52.687]# RECV HEX/59 <<<
AA 00 39 13 61 AD 00 31 9C 00 AB 84 2B 8C 21 AD 00 00 B2 0B DB A0 0B C2 00 00 00 AB 00 00 B3 00 00 B4 10 00 B1 10 6F B4 10 D6 B5 11 40 74 00 00 78 1E 61 79 1D B1 B4 1E 1A 12 1A
[2026-08-20 16:42:52.687]# RECV HEX/13 <<<
AA 00 3C 13 61 AD 00 34 9C 00 AB 00 1D
[2026-08-20 16:42:52.697]# RECV HEX/85 <<<
08 B0 5A 1E C1 62 00 00 5B 24 E6 53 26 40 B3 28 E1 B2 00 00 B1 30 13 B4 31 4F B3 31 2B B4 30 B5 B6 30 1E B3 2F 8B 66 00 00 B1 25 82 B6 25 90 14 E8 AA 00 39 13 61 AD 00 31 9E 00 AB 09 4D 11 59 B5 25 E3 B0 00 00 B4 2F 12 B4 2E CD B2 2E B8 B4 
2E 98 B3 2E 78
[2026-08-20 16:42:52.708]# RECV HEX/82 <<<
B0 2E 63 B3 2E 6D B1 2E A2 B1 00 00 B3 05 5A B3 05 5D B3 05 70 15 CA AA 00 39 13 61 AD 00 31 9E 00 AB 11 F6 19 F8 7F 05 8F 00 00 00 00 00 00 00 00 00 00 00 00 00 00 00 00 00 00 00 00 00 00 00 00 00 00 00 00 00 00 00 00 00 00 00 00 00 00 00 
06 A9
[2026-08-20 16:42:52.719]# RECV HEX/60 <<<
AA 00 39 13 61 AD 00 31 9D 00 AB 1A 95 22 94 00 00 00 00 00 00 00 00 00 00 00 00 00 00 00 00 00 00 00 00 00 00 00 00 00 00 00 00 00 00 00 00 00 00 00 00 00 00 00 00 00 00 04 E2 AA
[2026-08-20 16:42:52.729]# RECV HEX/99 <<<
00 3C 13 61 AD 00 34 9D 00 AB 23 31 2B D2 00 00 00 00 00 00 00 00 00 00 00 00 00 00 00 00 00 00 00 00 00 00 00 00 00 00 00 00 00 00 53 00 00 00 00 00 00 00 00 B0 00 00 B0 01 CA 07 52 AA 00 39 13 61 AD 00 31 9E 00 AB 2C 6F 34 7A AC 01 C1 AE 
01 BF AC 01 BE AA 01 BE AA 01 BE AA 01 BE AB 01 BF A8 00
[2026-08-20 16:42:52.740]# RECV HEX/80 <<<
00 AD 00 00 AE 00 00 00 00 00 00 00 00 00 00 00 AF 00 00 11 66 AA 00 39 13 61 AD 00 31 9D 00 AB 35 17 3D 12 AE 02 9B AE 02 94 AF 02 92 AD 02 98 AF 02 A5 00 00 00 00 00 00 00 00 00 00 00 00 00 00 00 00 00 00 AA 00 00 00 00 00 00 00 00 0B 31
[2026-08-20 16:42:52.750]# RECV HEX/66 <<<
AA 00 3C 13 61 AD 00 34 9C 00 AB 3D AE 46 3E 00 00 00 00 00 00 00 00 00 00 00 00 00 00 00 00 00 00 00 00 00 00 00 00 00 00 00 00 00 00 00 00 00 00 00 00 00 00 00 00 00 00 00 00 00 04 F1 AA 00 39 13
[2026-08-20 16:42:52.761]# RECV HEX/78 <<<
61 AD 00 31 9C 00 AB 46 D9 4E C5 00 00 00 00 00 00 00 00 00 00 00 00 00 00 00 00 00 00 00 00 00 00 00 00 00 00 00 00 00 00 00 00 00 00 00 00 00 00 00 00 00 00 05 AE AA 00 39 13 61 AD 00 31 9B 00 AB 4F 5F 57 4A 00 00 00 00 00 00 00 00
[2026-08-20 16:42:52.761]# RECV HEX/11 <<<
00 00 00 00 00 00 00 59 00 00 AB
[2026-08-20 16:42:52.771]# RECV HEX/84 <<<
01 B1 AB 01 B0 92 01 B1 7E 01 B2 82 01 B3 AF 01 B3 B2 01 B4 AE 01 B5 0F B5 AA 00 3C 13 61 AD 00 34 9B 00 AB 57 E5 60 65 AE 01 B7 AC 01 B8 AB 01 BD AD 01 C2 AE 01 C6 AC 01 CB AC 01 D1 AD 01 D7 AD 01 DC B1 01 DD 53 00 00 AD 01 F4 5B 01 FF 00 
00 00 00 00
[2026-08-20 16:42:52.782]# RECV HEX/62 <<<
00 17 7F AA 00 39 13 61 AD 00 31 9B 00 AB 61 00 68 E5 00 00 00 00 00 00 00 00 00 00 00 00 00 00 00 00 00 00 00 00 00 00 00 00 00 00 00 00 00 00 00 00 00 00 00 00 00 00 00 00 00 00 05 29
[2026-08-20 16:42:52.792]# RECV HEX/86 <<<
AA 00 3C 13 61 AD 00 34 9B 00 AB 69 7F 72 04 00 00 00 00 00 00 00 00 00 00 00 00 00 00 00 00 00 00 00 00 00 00 00 00 00 00 00 00 00 00 00 00 00 00 00 00 00 00 00 00 00 00 00 00 00 04 DF AA 00 39 13 61 AD 00 31 9D 00 AB 72 A0 7A 9B 00 00 00 
6F 00 00 A8 00 00
[2026-08-20 16:42:52.802]# RECV HEX/78 <<<
00 00 00 00 00 00 00 00 00 49 03 5B 4F 03 6D B0 00 00 84 00 00 49 00 00 B2 08 EA AE 09 4D B3 08 E5 0D E6 AA 00 3C 13 61 AD 00 34 9C 00 AB 7B 37 83 C4 AE 08 EE B0 00 00 B4 09 CE B1 0A 88 B0 00 00 B0 09 50 B2 09 57 AE 09 5A 00 00 00 B4
[2026-08-20 16:42:52.813]# RECV HEX/78 <<<
00 00 B3 09 BC AF 09 F2 B1 09 F9 B1 09 88 AE 09 CB 16 C6 AA 00 39 13 61 AD 00 31 9C 00 AB 84 60 8C 4F B0 00 00 B2 0B A0 B3 00 00 00 00 00 00 00 00 B4 00 00 B1 10 15 AE 10 80 B4 10 F3 B4 11 65 5A 00 00 46 1C 2E 76 1D 82 9E 1E 1E 10 7D
[2026-08-20 16:42:52.823]# RECV HEX/67 <<<
AA 00 39 13 61 AD 00 31 9C 00 AB 00 4B 08 41 4D 00 00 58 25 01 5D 24 FA 00 00 00 B3 00 00 AF 00 00 B3 31 97 B3 31 7F B4 30 FB B5 30 6F B6 2F E5 B2 2F 5F 8F 00 00 B0 25 AB 12 E2 AA 00 3C 13 61 AD 00 34
[2026-08-20 16:42:52.834]# RECV HEX/99 <<<
9E 00 AB 08 DD 11 85 B1 25 AB 9E 26 D1 B4 00 00 B3 2F 07 B2 2E B8 B3 2E 98 B3 2E 8D B4 2E 98 B1 2E 83 B4 2E 8D B5 2E A2 B0 00 00 9D 05 65 00 00 00 00 00 00 15 B8 AA 00 39 13 61 AD 00 31 9D 00 AB 12 21 1A 1D 00 00 00 00 00 00 00 00 00 00 00 
00 00 00 00 00 00 00 00 00 00 00 00 00 00 00 00 00 00 00
[2026-08-20 16:42:52.844]# RECV HEX/73 <<<
00 00 00 00 00 00 00 00 00 00 00 00 03 E7 AA 00 39 13 61 AD 00 31 9D 00 AB 1A BA 22 B7 00 00 00 00 00 00 00 00 00 00 00 00 00 00 00 00 00 00 00 00 00 00 00 00 00 00 00 00 00 00 00 00 00 00 00 00 00 00 00 00 00 00 05 2A
[2026-08-20 16:42:52.855]# RECV HEX/72 <<<
AA 00 3C 13 61 AD 00 34 9D 00 AB 23 53 2B EB 00 00 00 00 00 00 00 00 00 00 00 00 00 00 00 00 00 00 00 00 00 00 00 00 00 00 00 00 00 00 00 00 00 00 00 00 00 00 00 AF 00 00 AD 01 C9 07 35 AA 00 39 13 61 AD 00 31 9E 00
[2026-08-20 16:42:52.866]# RECV HEX/95 <<<
AB 2C 88 34 91 AC 01 C1 AE 01 BF AF 01 BE AC 01 BE AC 01 BE AB 01 BE AA 01 BF A8 00 00 AD 00 00 B0 00 00 00 00 00 00 00 00 00 00 00 B1 00 00 11 A1 AA 00 39 13 61 AD 00 31 9C 00 AB 35 2D 3D 25 AD 02 9B AE 02 95 AD 02 94 AE 02 9B AF 02 AA 00 
00 00 00 00 00 00 00 00 00 00 00 00 00 00 00
[2026-08-20 16:42:52.876]# RECV HEX/75 <<<
00 00 B3 00 00 00 00 00 00 00 00 0B 6B AA 00 3C 13 61 AD 00 34 9C 00 AB 3D C1 46 4E 00 00 00 00 00 00 00 00 00 00 00 00 00 00 00 00 00 00 00 00 00 00 00 00 00 00 00 00 00 00 00 00 00 00 00 00 00 00 00 00 00 00 00 00 00 05 14
[2026-08-20 16:42:52.887]# RECV HEX/59 <<<
AA 00 39 13 61 AD 00 31 9C 00 AB 46 E9 4E D5 00 00 00 00 00 00 00 00 00 00 00 00 00 00 00 00 00 00 00 00 00 00 00 00 00 00 00 00 00 00 00 00 00 00 00 00 00 00 00 00 00 00 05 CE
[2026-08-20 16:42:52.887]# RECV HEX/11 <<<
AA 00 39 13 61 AD 00 31 9B 00 AB
[2026-08-20 16:42:52.897]# RECV HEX/79 <<<
4F 70 57 57 00 00 00 00 00 00 00 00 00 00 00 00 00 00 00 69 00 00 AB 01 AF AA 01 AF 8C 01 B0 7E 01 B1 7F 01 B4 AE 01 B3 AD 01 B4 AF 01 B6 0F D1 AA 00 3C 13 61 AD 00 34 9B 00 AB 57 F1 60 6F AE 01 B8 AC 01 BB AE 01 BE AC 01 C3 AC 01 C8 AC
[2026-08-20 16:42:52.908]# RECV HEX/84 <<<
01 CD AF 01 D2 AD 01 D9 B0 01 DE B2 01 DF 5F 00 00 AE 01 F7 54 00 00 00 00 00 00 00 00 16 B6 AA 00 39 13 61 AD 00 31 9B 00 AB 61 09 68 EC 00 00 00 00 00 00 00 00 00 00 00 00 00 00 00 00 00 00 00 00 00 00 00 00 00 00 00 00 00 00 00 00 00 00 
00 00 00 00
[2026-08-20 16:42:52.908]# RECV HEX/6 <<<
00 00 00 00 05 39
[2026-08-20 16:42:52.918]# RECV HEX/62 <<<
AA 00 3C 13 61 AD 00 34 9B 00 AB 69 86 72 05 00 00 00 00 00 00 00 00 00 00 00 00 00 00 00 00 00 00 00 00 00 00 00 00 00 00 00 00 00 00 00 00 00 00 00 00 00 00 00 00 00 00 00 00 00 04 E7
[2026-08-20 16:42:52.929]# RECV HEX/84 <<<
AA 00 39 13 61 AD 00 31 9D 00 AB 72 A1 7A 9A 58 00 00 71 00 00 AC 00 00 00 00 00 00 00 00 53 00 00 57 03 5B 00 00 00 B0 00 00 00 00 00 47 00 00 B3 08 DC B3 09 50 B2 08 E5 0D 5A AA 00 3C 13 61 AD 00 34 9C 00 AB 7B 36 83 C1 B0 08 EF B1 00 00 
B4 09 D1 AF
[2026-08-20 16:42:52.940]# RECV HEX/87 <<<
0A 81 B1 00 00 B0 09 54 B2 09 56 B0 09 62 00 00 00 B3 00 00 B5 09 C2 B1 09 F7 B1 09 F4 B3 09 8B B3 09 BF 16 D5 AA 00 39 13 61 AD 00 31 9C 00 AB 84 5C 8C 47 B0 00 00 B3 0B AC B2 00 00 00 00 00 00 00 00 B3 00 00 B2 10 0D B0 10 78 B1 10 E1 B3 
11 53 50 00 00 51 1C
[2026-08-20 16:42:52.940]# RECV HEX/9 <<<
7C 86 1D B1 AB 1E 08 10 CC
[2026-08-20 16:42:52.950]# RECV HEX/59 <<<
AA 00 39 13 61 AD 00 31 9C 00 AB 00 42 08 37 00 00 00 58 00 00 59 24 F4 00 00 00 B3 00 00 B0 00 00 B0 30 F0 B1 31 67 B3 31 07 B3 30 86 B0 30 1E B1 2F 8B 62 00 00 B4 25 89 10 C3
[2026-08-20 16:42:52.961]# RECV HEX/78 <<<
AA 00 3C 13 61 AD 00 34 9E 00 AB 08 D2 11 7C B4 25 90 B6 26 4E B2 00 00 B4 2F 07 B0 2E E6 B1 2E B8 B0 2E 98 B3 2E 8D B1 2E 58 B3 2E 63 B1 2E CD A4 00 00 00 00 00 00 00 00 00 00 00 14 24 AA 00 39 13 61 AD 00 31 9D 00 AB 12 18 1A 13 00
[2026-08-20 16:42:52.961]# RECV HEX/11 <<<
00 00 00 00 00 00 00 00 00 00 00
[2026-08-20 16:42:52.971]# RECV HEX/83 <<<
00 00 00 00 00 00 00 00 00 00 00 00 00 00 00 00 00 00 00 00 00 00 00 00 00 00 00 00 00 00 03 D4 AA 00 39 13 61 AD 00 31 9D 00 AB 1A B0 22 B0 00 00 00 00 00 00 00 00 00 00 00 00 00 00 00 00 00 00 00 00 00 00 00 00 00 00 00 00 00 00 00 00 00 
00 00 00
[2026-08-20 16:42:52.981]# RECV HEX/70 <<<
00 00 00 00 00 00 05 19 AA 00 3C 13 61 AD 00 34 9D 00 AB 23 4C 2B E5 00 00 00 00 00 00 00 00 00 00 00 00 00 00 00 00 00 00 00 00 00 00 00 00 00 00 00 00 00 00 5C 00 00 00 00 00 00 00 00 AA 00 00 AF 01 C9 07 81
[2026-08-20 16:42:52.992]# RECV HEX/76 <<<
AA 00 39 13 61 AD 00 31 9E 00 AB 2C 82 34 88 AD 01 C1 AE 01 BF AE 01 BE AC 01 BE AC 01 BD AB 01 BE AB 01 BE AC 01 BD AD 01 C0 B0 01 CA 00 00 00 00 00 00 00 00 00 85 00 00 13 B3 AA 00 39 13 61 AD 00 31 9C 00 AB 35 24 3D 1A AE 02
[2026-08-20 16:42:53.003]# RECV HEX/78 <<<
9A AD 02 94 AF 02 92 AE 02 97 AF 02 A4 00 00 00 00 00 00 00 00 00 00 00 00 00 00 00 00 00 00 AC 00 00 00 00 00 00 00 00 0B 44 AA 00 3C 13 61 AD 00 34 9C 00 AB 3D B6 46 42 00 00 00 00 00 00 00 00 00 00 00 00 00 00 00 00 00 00 00 00 00
[2026-08-20 16:42:53.003]# RECV HEX/12 <<<
00 00 00 00 00 00 00 00 00 00 00 00
[2026-08-20 16:42:53.013]# RECV HEX/73 <<<
00 00 00 00 00 00 00 00 00 00 00 00 04 FD AA 00 39 13 61 AD 00 31 9B 00 AB 46 DD 4E C5 00 00 00 00 00 00 00 00 00 00 00 00 00 00 00 00 00 00 00 00 00 00 00 00 00 00 00 00 00 00 00 00 00 00 00 00 00 00 00 00 00 00 05 B1
[2026-08-20 16:42:53.024]# RECV HEX/75 <<<
AA 00 3C 13 61 AD 00 34 9B 00 AB 4F 5F 57 DD 00 00 00 00 00 00 00 00 00 00 00 00 00 00 00 4F 00 00 A9 01 B0 AB 01 B0 A0 01 B1 7F 01 B2 7F 01 B3 AF 01 B2 B0 01 B4 AB 01 B5 AD 01 B8 11 AD AA 00 39 13 61 AD 00 31 9A 00 AB 58 77
[2026-08-20 16:42:53.035]# RECV HEX/88 <<<
60 55 AD 01 BA AE 01 BD AD 01 C2 AD 01 C6 AD 01 CB AC 01 D1 AD 01 D7 AE 01 DD AF 01 E0 67 00 00 B1 00 00 82 01 FC 00 00 00 00 00 00 14 E5 AA 00 3C 13 61 AD 00 34 9A 00 AB 60 EF 69 64 00 00 00 00 00 00 00 00 00 00 00 00 00 00 00 00 00 00 00 
00 00 00 00 00 00 00 00
[2026-08-20 16:42:53.035]# RECV HEX/2 <<<
00 00
[2026-08-20 16:42:53.046]# RECV HEX/77 <<<
00 00 00 00 00 00 00 00 00 00 00 00 00 00 00 00 05 9C AA 00 39 13 61 AD 00 31 9A 00 AB 69 FE 71 D6 00 00 00 00 00 00 00 00 00 00 00 00 00 00 00 00 00 00 00 00 00 00 00 00 00 00 00 00 00 00 00 00 00 00 00 00 00 00 00 00 00 00 06 28
[2026-08-20 16:42:53.056]# RECV HEX/69 <<<
AA 00 3C 13 61 AD 00 34 9B 00 AB 72 6F 7A EF 00 00 00 85 00 00 5C 00 00 7A 00 00 00 00 00 00 00 00 00 00 00 73 00 00 AE 00 00 B0 0B 79 B4 00 00 B5 00 00 B2 09 3D AF 09 44 B0 08 E0 0E 70 AA 00 39 13 61 AD 00
[2026-08-20 16:42:53.067]# RECV HEX/91 <<<
31 9A 00 AB 7B 89 83 5F B2 09 45 B0 09 C4 B1 09 E1 B3 0A 30 B0 09 6F B0 09 52 B2 09 54 B2 09 69 00 00 00 B3 00 00 B1 09 F8 B2 09 F0 B2 09 E1 B0 09 7E 15 AE AA 00 3C 13 61 AD 00 34 9A 00 AB 83 F8 8C 63 00 00 00 B0 00 00 B2 0B 94 B2 00 00 B4 
0C B0 A3 00 00 B4 0F C1 B3 10 25
[2026-08-20 16:42:53.078]# RECV HEX/85 <<<
B2 10 8D B5 11 00 B4 11 73 6E 00 00 43 1B CA 82 1D A9 7F 1D EE 14 D1 AA 00 3C 13 61 AD 00 34 9A 00 AB 00 5C 08 C8 60 00 00 53 24 D2 66 24 D2 4E 26 C9 B3 28 D9 B2 00 00 B3 31 5B B3 31 1F B3 31 07 B1 30 A9 B4 2F F1 B4 2F 8B 6D 00 00 B2 25 7B 
AE 25 7B 16 5A
[2026-08-20 16:42:53.089]# RECV HEX/59 <<<
AA 00 39 13 61 AD 00 31 9C 00 AB 09 63 11 4E AE 25 DC B2 00 00 B6 2F 07 B3 2E CD B3 2E B8 B2 2E 98 B2 2E 8D B4 2E 83 B4 2E 83 B3 2E FC 73 00 00 00 00 00 00 00 00 00 00 00 12 DA
[2026-08-20 16:42:53.089]# RECV HEX/9 <<<
AA 00 3C 13 61 AD 00 34 9A
[2026-08-20 16:42:53.099]# RECV HEX/87 <<<
00 AB 11 E8 1A 5B 00 00 00 00 00 00 00 00 00 00 00 00 00 00 00 00 00 00 00 00 00 00 00 00 00 00 00 00 00 00 00 00 00 00 00 00 00 00 00 00 00 00 00 00 00 04 EE AA 00 39 13 61 AD 00 31 9A 00 AB 1A F5 22 D1 00 00 00 00 00 00 00 00 00 00 00 00 
00 00 00 00 00 00 00
[2026-08-20 16:42:53.110]# RECV HEX/77 <<<
00 00 00 00 00 00 00 00 00 00 00 00 00 00 00 00 00 00 00 00 00 00 00 05 7C AA 00 3C 13 61 AD 00 34 9B 00 AB 23 6B 2B E5 00 00 00 00 00 00 00 00 00 00 00 00 00 00 00 00 00 00 00 00 00 00 00 00 00 00 00 00 00 00 7D 00 00 00 00 00 00
[2026-08-20 16:42:53.110]# RECV HEX/10 <<<
00 00 00 00 00 AD 00 00 06 49
[2026-08-20 16:42:53.120]# RECV HEX/59 <<<
AA 00 39 13 61 AD 00 31 9B 00 AB 2C 80 34 65 AA 01 C6 AD 01 C2 AE 01 C0 AE 01 C0 AC 01 BF AC 01 C0 AB 01 BF AE 01 C2 7A 00 00 AF 00 00 A8 00 00 00 00 00 00 00 00 00 00 00 12 05
[2026-08-20 16:42:53.131]# RECV HEX/90 <<<
AA 00 3C 13 61 AD 00 34 9A 00 AB 34 FF 3D 75 AC 00 00 AD 02 93 AE 02 8E AC 02 90 AE 02 97 9C 00 00 00 00 00 00 00 00 00 00 00 00 00 00 00 00 00 00 00 00 00 00 00 00 00 00 00 00 00 0B B2 AA 00 39 13 61 AD 00 31 99 00 AB 3E 0E 45 DF 00 00 00 
00 00 00 00 00 00 00 00 00 00
[2026-08-20 16:42:53.142]# RECV HEX/79 <<<
00 00 00 00 00 00 00 00 00 00 00 00 00 00 00 00 00 00 00 00 00 00 00 00 00 00 00 00 00 04 E9 AA 00 3C 13 61 AD 00 34 99 00 AB 46 78 4E DD 00 00 00 00 00 00 00 00 00 00 00 00 00 00 00 00 00 00 00 00 00 00 00 00 00 00 00 00 00 00 00 00 00
[2026-08-20 16:42:53.152]# RECV HEX/76 <<<
00 00 00 00 00 00 00 00 00 00 00 00 05 68 AA 00 3C 13 61 AD 00 34 99 00 AB 4F 75 57 D9 00 00 00 00 00 00 00 00 00 00 00 00 00 00 00 00 00 00 AA 00 00 AB 01 B4 A7 01 B5 9A 01 B6 9E 01 B9 B2 01 B5 AF 01 B6 AF 01 B8 AE 01 B9 11 21
[2026-08-20 16:42:53.163]# RECV HEX/66 <<<
AA 00 39 13 61 AD 00 31 99 00 AB 58 70 60 30 AD 01 BC AD 01 BE AD 01 C2 AC 01 C5 AB 01 C9 AB 01 CD AE 01 D2 AE 01 D7 B0 01 DB B0 00 00 A9 00 00 A0 01 F3 00 00 00 00 00 00 14 F7 AA 00 3C 13 61 AD 00
[2026-08-20 16:42:53.163]# RECV HEX/11 <<<
34 99 00 AB 60 C8 69 28 00 00 00
[2026-08-20 16:42:53.173]# RECV HEX/80 <<<
00 00 00 00 00 00 00 00 00 00 00 00 00 00 00 00 00 00 00 00 00 00 00 00 00 00 00 00 00 00 00 00 00 00 00 00 00 00 00 00 00 00 05 38 AA 00 3C 13 61 AD 00 34 99 00 AB 69 C0 72 1E 00 00 00 00 00 00 00 00 00 00 00 00 00 00 00 00 00 00 00 00 00
[2026-08-20 16:42:53.184]# RECV HEX/85 <<<
00 00 00 00 00 00 00 00 00 00 00 00 00 00 00 00 00 00 00 00 00 00 00 00 05 38 AA 00 39 13 61 AD 00 31 99 00 AB 72 B8 7A 92 00 00 00 68 00 00 AE 00 00 00 00 00 00 00 00 53 00 00 51 03 5B 00 00 00 B0 00 00 00 00 00 00 00 00 B1 00 00 B0 09 4F 
AD 08 E7 0B CC
[2026-08-20 16:42:53.194]# RECV HEX/62 <<<
AA 00 3C 13 61 AD 00 34 99 00 AB 7B 2C 83 96 B0 08 EA B1 00 00 B1 09 D2 B2 0A 6A B2 09 CE AE 09 74 B1 09 57 B0 09 61 B1 09 7A B3 09 BC B3 09 B9 B3 09 FD B1 09 EE B2 09 E6 B1 09 8F 19 8F
[2026-08-20 16:42:53.205]# RECV HEX/94 <<<
AA 00 3C 13 61 AD 00 34 99 00 AB 84 2F 8C 9A B2 00 00 B2 0B F7 B1 0B AC AC 00 00 00 00 00 00 00 00 00 00 00 00 00 00 00 00 00 00 00 00 4E 00 00 4A 00 00 5A 00 00 B6 1E 34 61 1E C1 0D 0C AA 00 39 13 61 AD 00 31 99 00 AB 00 93 08 67 59 00 00 
63 25 1C 66 25 D5 74 27 9C 53 00 00 B2 31
[2026-08-20 16:42:53.215]# RECV HEX/78 <<<
C8 B2 31 1F B1 31 7F B3 30 E4 B5 30 4C B4 2F CF AE 2F 80 AC 00 00 AE 25 97 14 8D AA 00 3C 13 61 AD 00 34 9C 00 AB 09 01 11 8B AF 25 97 B1 00 00 B5 2F 33 B3 2F 1D B2 2E FC B3 2E AD B3 2E 98 B6 2E 98 B5 2E 6D B1 2E 78 B2 2E 78 B1 00 00
[2026-08-20 16:42:53.226]# RECV HEX/70 <<<
AF 05 5E B2 05 6B 7A 05 83 16 9F AA 00 39 13 61 AD 00 31 9B 00 AB 12 25 1A 08 00 00 00 00 00 00 00 00 00 00 00 00 00 00 00 00 00 00 00 00 00 00 00 00 00 00 00 00 00 00 00 00 00 00 00 00 00 00 00 00 00 00 03 D4
[2026-08-20 16:42:53.237]# RECV HEX/77 <<<
AA 00 3C 13 61 AD 00 34 9B 00 AB 1A A2 23 22 00 00 00 00 00 00 00 00 00 00 00 00 00 00 00 00 00 00 00 00 00 00 00 00 00 00 00 00 00 00 00 00 00 00 00 00 00 00 00 00 00 00 00 00 00 04 82 AA 00 39 13 61 AD 00 31 9B 00 AB 23 BC 2B A6
[2026-08-20 16:42:53.237]# RECV HEX/11 <<<
00 00 00 00 00 00 00 00 00 00 00
[2026-08-20 16:42:53.247]# RECV HEX/84 <<<
00 00 00 00 00 00 00 00 00 00 00 00 00 00 00 00 8F 00 00 00 00 00 B3 00 00 AE 01 C6 AF 01 C5 09 57 AA 00 39 13 61 AD 00 31 9C 00 AB 2C 41 34 37 AE 01 C1 AC 01 BE AF 01 BD AE 01 BC AE 01 BC AB 01 BD AC 01 BD AB 00 00 AE 00 00 AE 00 00 00 00 
00 00 00 00
[2026-08-20 16:42:53.258]# RECV HEX/70 <<<
88 00 00 88 00 00 11 5C AA 00 3C 13 61 AD 00 34 9B 00 AB 34 D3 3D 57 AD 02 AF AA 00 00 AF 02 9C AE 02 9F AE 02 AB 00 00 00 00 00 00 00 00 00 00 00 00 00 00 00 00 00 00 A5 00 00 B3 00 00 B2 11 3A AC 10 70 0E 9C
[2026-08-20 16:42:53.269]# RECV HEX/82 <<<
AA 00 39 13 61 AD 00 31 9B 00 AB 3D F2 45 D3 87 0F B3 4C 00 00 00 00 00 00 00 00 00 00 00 00 00 00 00 00 00 00 00 00 00 00 00 00 00 00 00 00 00 00 00 00 00 00 00 00 00 00 07 57 AA 00 3C 13 61 AD 00 34 9B 00 AB 46 6D 4E E6 00 00 00 00 00 00 
00 00
[2026-08-20 16:42:53.280]# RECV HEX/85 <<<
00 00 00 00 00 00 00 00 00 00 00 00 00 00 00 00 00 00 00 00 00 00 00 00 00 00 00 00 00 00 00 00 00 00 00 00 00 05 68 AA 00 39 13 61 AD 00 31 9A 00 AB 4F 7F 57 59 00 00 00 00 00 00 00 00 00 00 00 00 00 00 00 72 00 00 AA 01 AE A9 01 AE 98 01 
B0 80 01 B0 77
[2026-08-20 16:42:53.280]# RECV HEX/11 <<<
01 B4 B2 01 B2 AF 01 B4 AC 01 B6
[2026-08-20 16:42:53.291]# RECV HEX/64 <<<
0F ED AA 00 3C 13 61 AD 00 34 9A 00 AB 57 F2 60 61 AD 01 BA AC 01 BD AF 01 C2 AC 01 C6 AC 01 CC AC 01 D2 AD 01 D8 AC 01 DF AF 01 E6 AF 01 EB 00 00 00 AC 00 00 80 02 08 00 00 00 00 00 00 15 B2
[2026-08-20 16:42:53.302]# RECV HEX/80 <<<
AA 00 3C 13 61 AD 00 34 9A 00 AB 60 FA 69 6B 00 00 00 00 00 00 00 00 00 00 00 00 00 00 00 00 00 00 00 00 00 00 00 00 00 00 00 00 00 00 00 00 00 00 00 00 00 00 00 00 00 00 00 00 00 05 AE AA 00 39 13 61 AD 00 31 9A 00 AB 6A 04 71 DB 00 00 00
[2026-08-20 16:42:53.302]# RECV HEX/11 <<<
00 00 00 00 00 00 00 00 00 00 00
[2026-08-20 16:42:53.312]# RECV HEX/78 <<<
00 00 00 00 00 00 00 00 00 00 00 00 00 00 00 00 00 00 00 00 00 00 00 00 00 00 00 00 05 34 AA 00 3C 13 61 AD 00 34 9B 00 AB 72 74 7A F7 97 00 00 5C 00 00 50 00 00 00 00 00 00 00 00 85 00 00 69 00 00 00 00 00 00 00 00 B2 00 00 7C 00 00
[2026-08-20 16:42:53.323]# RECV HEX/73 <<<
AF 00 00 B3 09 3E AE 09 37 B3 08 E4 0D 6D AA 00 39 13 61 AD 00 31 9A 00 AB 7B 91 83 6F B4 09 25 B4 09 CF B0 09 E5 B1 0A 16 B2 09 82 B0 09 54 AF 09 60 B2 09 6E 00 00 00 B6 00 00 B2 09 F6 B2 09 F3 B3 09 F6 AF 09 80 15 DF
[2026-08-20 16:42:53.334]# RECV HEX/78 <<<
AA 00 3C 13 61 AD 00 34 9B 00 AB 84 09 8C 84 00 00 00 B0 00 00 B3 0B 80 B1 00 00 00 00 00 00 00 00 00 00 00 00 00 00 00 00 00 00 00 00 00 00 00 46 00 00 67 00 00 7E 1D F7 67 1E 66 0A E7 AA 00 39 13 61 AD 00 31 9B 00 AB 00 7E 08 60 57
[2026-08-20 16:42:53.334]# RECV HEX/9 <<<
00 00 60 25 29 5E 25 74 00
[2026-08-20 16:42:53.345]# RECV HEX/88 <<<
00 00 7B 00 00 B2 00 00 B0 31 2B B1 31 97 B2 31 07 B2 30 41 B4 2F E5 B6 2F 80 A0 00 00 B2 25 97 11 57 AA 00 3C 13 61 AD 00 34 9D 00 AB 08 FA 11 8F B4 25 97 00 00 00 B3 00 00 B3 2F 12 B2 2E F1 B1 2E B8 B0 2E 83 B3 2E 6D B3 2E 4E B3 2E 83 B3 
2E 8D B2 00 00 B0 05 59
[2026-08-20 16:42:53.355]# RECV HEX/67 <<<
AC 05 5E AB 05 6C 16 3F AA 00 39 13 61 AD 00 31 9C 00 AB 12 2B 1A 1B AC 05 88 62 05 AE 00 00 00 00 00 00 00 00 00 00 00 00 00 00 00 00 00 00 00 00 00 00 00 00 00 00 00 00 00 00 00 00 00 00 00 00 06 3C
[2026-08-20 16:42:53.366]# RECV HEX/78 <<<
AA 00 39 13 61 AD 00 31 9C 00 AB 1A B6 22 A2 00 00 00 00 00 00 00 00 00 00 00 00 00 00 00 00 00 00 00 00 00 00 00 00 00 00 00 00 00 00 00 00 00 00 00 00 00 00 00 00 00 00 05 10 AA 00 3C 13 61 AD 00 34 9C 00 AB 23 3D 2B C6 00 00 00 00
[2026-08-20 16:42:53.377]# RECV HEX/88 <<<
00 00 00 00 00 00 00 00 00 00 00 00 00 00 00 00 00 00 00 00 00 00 00 00 00 00 7B 00 00 00 00 00 00 00 00 8F 00 00 AF 01 CB 07 58 AA 00 39 13 61 AD 00 31 9D 00 AB 2C 61 34 59 AC 01 C4 AC 01 C0 AD 01 BF AC 01 BF AB 01 BE AC 01 BF AB 01 BF AE 
01 C1 AE 01 C1 B0 01 CA
[2026-08-20 16:42:53.387]# RECV HEX/76 <<<
00 00 00 00 00 00 00 00 00 5B 00 00 13 45 AA 00 3C 13 61 AD 00 34 9C 00 AB 34 F4 3D 7B AE 02 A3 AE 02 99 B0 02 94 AE 02 95 AE 02 9D 7A 00 00 00 00 00 00 00 00 00 00 00 00 00 00 00 00 00 00 00 00 00 00 00 00 00 00 00 00 00 0C 50
[2026-08-20 16:42:53.398]# RECV HEX/63 <<<
AA 00 39 13 61 AD 00 31 9B 00 AB 3E 16 45 FB 00 00 00 00 00 00 00 00 00 00 00 00 00 00 00 00 00 00 00 00 00 00 00 00 00 00 00 00 00 00 00 00 00 00 00 00 00 00 00 00 00 00 05 0F AA 00 3C 13
[2026-08-20 16:42:53.408]# RECV HEX/98 <<<
61 AD 00 34 9B 00 AB 46 95 4F 10 00 00 00 00 00 00 00 00 00 00 00 00 00 00 00 00 00 00 00 00 00 00 00 00 00 00 00 00 00 00 00 00 00 00 00 00 00 00 00 00 00 00 00 00 00 04 BB AA 00 39 13 61 AD 00 31 9A 00 AB 4F AA 57 85 00 00 00 00 00 00 00 
00 00 00 00 00 00 00 00 71 00 00 AA 01 B1 AC 01 B1 8F
[2026-08-20 16:42:53.419]# RECV HEX/81 <<<
01 B1 8B 01 B4 86 01 B4 AF 01 B3 B2 01 B4 AD 01 B6 10 64 AA 00 3C 13 61 AD 00 34 9A 00 AB 58 1F 60 92 AD 01 B9 AC 01 BB AE 01 BF AC 01 C3 AD 01 C7 AC 01 CC AC 01 D1 AD 01 D7 AE 01 DD B1 01 DB 6A 00 00 A7 01 F4 00 00 00 00 00 00 00 00 00 15 
A6
[2026-08-20 16:42:53.430]# RECV HEX/59 <<<
AA 00 39 13 61 AD 00 31 9A 00 AB 61 2B 69 02 00 00 00 00 00 00 00 00 00 00 00 00 00 00 00 00 00 00 00 00 00 00 00 00 00 00 00 00 00 00 00 00 00 00 00 00 00 00 00 00 00 00 04 71
[2026-08-20 16:42:53.440]# RECV HEX/97 <<<
AA 00 3C 13 61 AD 00 34 9A 00 AB 69 9B 72 12 00 00 00 00 00 00 00 00 00 00 00 00 00 00 00 00 00 00 00 00 00 00 00 00 00 00 00 00 00 00 00 00 00 00 00 00 00 00 00 00 00 00 00 00 00 05 08 AA 00 39 13 61 AD 00 31 9A 00 AB 72 AC 7A 98 00 00 00 
76 00 00 A1 00 00 00 00 00 00 00 00 65 00 00 00 00
[2026-08-20 16:42:53.451]# RECV HEX/78 <<<
00 59 03 64 B2 00 00 B3 00 00 00 00 00 B4 00 00 B0 09 4A B2 08 E8 0C A4 AA 00 3C 13 61 AD 00 34 9B 00 AB 7B 32 83 AD B1 08 E8 B2 00 00 B4 09 CB B2 0A 62 B1 09 CA B1 09 69 B0 09 56 B0 09 58 B2 09 7D B3 09 BA B1 09 BD AE 09 FE B2 09 F3
[2026-08-20 16:42:53.452]# RECV HEX/8 <<<
B0 09 E4 B0 09 9A 19 96
[2026-08-20 16:42:53.464]# RECV HEX/88 <<<
AA 00 39 13 61 AD 00 31 9B 00 AB 84 47 8C 28 B2 00 00 B4 0B DF B4 0B B0 B4 00 00 B2 0C AC AF 00 00 B2 0F F6 B3 10 5B B3 10 C5 B6 11 3A 00 00 00 39 00 00 50 00 00 B6 1E 1E 12 5F AA 00 3C 13 61 AD 00 34 9B 00 AB 00 22 08 A0 68 1E 93 69 00 00 
5D 24 ED 61 25 7B B4 00
[2026-08-20 16:42:53.480]# RECV HEX/121 <<<
00 7F 00 00 B1 31 97 B2 30 86 B3 31 5B B5 30 CC B1 30 4C B0 2F B8 00 00 00 A3 00 00 AD 25 7B 13 F4 AA 00 39 13 61 AD 00 31 9D 00 AB 09 3C 11 36 B1 25 89 B4 00 00 B2 2F 28 B1 2E E6 B2 2E C2 B2 2E A2 B3 2E 78 B6 2E 8D B2 2E 8D B4 2E 98 B3 2E 
83 AF 00 00 AD 05 5A AE 05 63 15 F4 AA 00 3C 13 61 AD 00 34 9C 00 AB 11 D2 1A 5C B2 05 76 A4 05 97 4B 05 BC 00 00 00 00 00
[2026-08-20 16:42:53.491]# RECV HEX/85 <<<
00 00 00 00 00 00 00 00 00 00 00 00 00 00 00 00 00 00 00 00 00 00 00 00 00 00 00 00 00 00 00 08 54 AA 00 39 13 61 AD 00 31 9C 00 AB 1A F7 22 E8 00 00 00 00 00 00 00 00 00 00 00 00 00 00 00 00 00 00 00 00 00 00 00 00 00 00 00 00 00 00 00 00 
00 00 00 00 00
[2026-08-20 16:42:53.491]# RECV HEX/7 <<<
00 00 00 00 00 05 97
[2026-08-20 16:42:53.501]# RECV HEX/59 <<<
AA 00 39 13 61 AD 00 31 9C 00 AB 23 83 2B 73 00 00 00 00 00 00 00 00 00 00 00 00 00 00 00 00 00 00 00 00 00 00 00 00 00 00 00 00 00 00 00 00 00 00 00 00 76 00 00 AC 00 00 05 E2
[2026-08-20 16:42:53.512]# RECV HEX/92 <<<
AA 00 3C 13 61 AD 00 34 9D 00 AB 2C 0E 34 A7 AB 01 C8 AC 01 C0 AE 01 BF AC 01 BE AB 01 BE AB 01 BE AA 01 BF AC 01 C0 9E 01 B9 AE 01 C4 92 00 00 00 00 00 00 00 00 00 00 00 AE 00 00 14 08 AA 00 39 13 61 AD 00 31 9C 00 AB 35 42 3D 2D AD 00 00 
AE 02 98 AE 02 98 AF 02 9F AF 02 AE
[2026-08-20 16:42:53.522]# RECV HEX/76 <<<
00 00 00 00 00 00 00 00 00 00 00 00 00 00 00 00 00 00 B3 00 00 B3 11 91 50 10 AC 0D 5D AA 00 3C 13 61 AD 00 34 9B 00 AB 3D C8 46 44 00 00 00 00 00 00 00 00 00 00 00 00 00 00 00 00 00 00 00 00 00 00 00 00 00 00 00 00 00 00 00 00
[2026-08-20 16:42:53.533]# RECV HEX/74 <<<
00 00 00 00 00 00 00 00 00 00 00 00 00 05 10 AA 00 39 13 61 AD 00 31 9A 00 AB 46 DE 4E BC 00 00 00 00 00 00 00 00 00 00 00 00 00 00 00 00 00 00 00 00 00 00 00 00 00 00 00 00 00 00 00 00 00 00 00 00 00 00 00 00 00 00 05 A8
[2026-08-20 16:42:53.544]# RECV HEX/74 <<<
AA 00 3C 13 61 AD 00 34 9A 00 AB 4F 55 57 CC 00 00 00 00 00 00 00 00 00 00 00 00 00 00 00 50 00 00 AA 01 AE A9 01 AF A8 01 B0 82 01 B1 76 01 B2 A6 01 B1 AB 01 B4 AF 01 B5 AF 01 B8 11 84 AA 00 39 13 61 AD 00 31 9A 00 AB 58
[2026-08-20 16:42:53.544]# RECV HEX/11 <<<
65 60 3C AC 01 BB AD 01 BF AE 01
[2026-08-20 16:42:53.555]# RECV HEX/78 <<<
C3 AB 01 C8 AC 01 CD AD 01 D2 AD 01 DA AC 01 E0 B0 01 E6 AC 00 00 AE 00 00 A7 02 01 00 00 00 00 00 00 14 38 AA 00 3C 13 61 AD 00 34 9A 00 AB 60 D6 69 4C 00 00 00 00 00 00 00 00 00 00 00 00 00 00 00 00 00 00 00 00 00 00 00 00 00 00 00
[2026-08-20 16:42:53.555]# RECV HEX/9 <<<
00 00 00 00 00 00 00 00 00
[2026-08-20 16:42:53.555]# RECV HEX/4 <<<
00 00 00 00
[2026-08-20 16:42:53.565]# RECV HEX/66 <<<
00 00 00 00 00 05 6B AA 00 39 13 61 AD 00 31 9A 00 AB 69 E6 71 BE 00 00 00 00 00 00 00 00 00 00 00 00 00 00 00 00 00 00 00 00 00 00 00 00 00 00 00 00 00 00 00 00 00 00 00 00 00 00 00 00 00 00 05 F8
[2026-08-20 16:42:53.576]# RECV HEX/80 <<<
AA 00 3C 13 61 AD 00 34 9C 00 AB 72 58 7A E8 AE 00 00 86 00 00 67 00 00 00 00 00 00 00 00 62 00 00 00 00 00 52 03 65 00 00 00 B2 00 00 00 00 00 B1 00 00 B2 09 37 B3 09 4D B2 08 E2 0D 5F AA 00 39 13 61 AD 00 31 9B 00 AB 7B 83 83 64 B3 09 00
[2026-08-20 16:42:53.587]# RECV HEX/79 <<<
B1 00 00 B2 09 DD B1 0A 72 B2 00 00 B0 09 55 AD 09 5E B1 09 66 B3 09 C8 B2 09 B7 B5 09 CF B2 09 FE AF 09 F1 B4 09 7C 16 A4 AA 00 3C 13 61 AD 00 34 9B 00 AB 83 FE 8C 80 90 09 D7 B3 00 00 A1 0B 75 B3 00 00 00 00 00 00 00 00 00 00 00 00 00
[2026-08-20 16:42:53.587]# RECV HEX/11 <<<
00 00 00 00 00 00 00 00 00 00 55
[2026-08-20 16:42:53.597]# RECV HEX/72 <<<
00 00 67 1E 8E 6D 1D E1 69 1E 4F 0D AE AA 00 39 13 61 AD 00 31 9B 00 AB 00 7A 08 64 50 00 00 5C 25 15 00 00 00 4B 00 00 A1 28 D9 B2 00 00 B1 31 67 B1 31 7F B2 31 1F B6 30 92 B3 30 13 B3 2F 80 8D 00 00 B1 25 7B 11 40
[2026-08-20 16:42:53.608]# RECV HEX/62 <<<
AA 00 39 13 61 AD 00 31 9B 00 AB 09 00 10 FC B3 25 97 00 00 00 B6 00 00 B3 2F 1D B3 2E CD B1 2E B8 B3 2E 6D B4 2E 6D B3 2E 6D B3 2E 8D B3 2E 78 B3 00 00 B0 05 5A AF 05 60 14 81 AA 00 3C
[2026-08-20 16:42:53.618]# RECV HEX/98 <<<
13 61 AD 00 34 9C 00 AB 11 98 1A 29 AE 05 6D AF 05 86 9E 05 A9 00 00 00 00 00 00 00 00 00 00 00 00 00 00 00 00 00 00 00 00 00 00 00 00 00 00 00 00 00 00 00 00 00 00 00 00 08 14 AA 00 39 13 61 AD 00 31 9C 00 AB 1A C4 22 B5 00 00 00 00 00 00 
00 00 00 00 00 00 00 00 00 00 00 00 00 00 00 00 00 00
[2026-08-20 16:42:53.629]# RECV HEX/77 <<<
00 00 00 00 00 00 00 00 00 00 00 00 00 00 00 00 00 00 05 31 AA 00 3C 13 61 AD 00 34 9C 00 AB 23 50 2B DD 00 00 00 00 00 00 00 00 00 00 00 00 00 00 00 00 00 00 00 00 00 00 00 00 00 00 00 00 00 00 84 00 00 00 00 00 00 00 00 AF 00 00
[2026-08-20 16:42:53.629]# RECV HEX/5 <<<
B0 01 CA 07 AB
[2026-08-20 16:42:53.640]# RECV HEX/63 <<<
AA 00 39 13 61 AD 00 31 9D 00 AB 2C 79 34 76 AB 01 C2 AD 01 C0 AE 01 BF AC 01 BE AB 01 BE AC 01 BF AB 01 BF AD 01 BC AE 01 C1 AF 01 CC 00 00 00 00 00 00 00 00 00 8E 00 00 13 A6 AA 00 39 13
[2026-08-20 16:42:53.640]# RECV HEX/11 <<<
61 AD 00 31 9D 00 AB 35 11 3C FE
[2026-08-20 16:42:53.651]# RECV HEX/79 <<<
AD 00 00 AE 02 99 B0 02 96 AF 02 99 AF 02 A3 00 00 00 00 00 00 00 00 00 00 00 00 00 00 00 00 00 00 77 00 00 00 00 00 00 00 00 0B 50 AA 00 3C 13 61 AD 00 34 9B 00 AB 3D 99 46 1C 00 00 00 00 00 00 00 00 00 00 00 00 00 00 00 00 00 00 00 00
[2026-08-20 16:42:53.661]# RECV HEX/86 <<<
00 00 00 00 00 00 00 00 00 00 00 00 00 00 00 00 00 00 00 00 00 00 00 00 00 04 B9 AA 00 39 13 61 AD 00 31 9B 00 AB 46 B7 4E 96 00 00 00 00 00 00 00 00 00 00 00 00 00 00 00 00 00 00 00 00 00 00 00 00 00 00 00 00 00 00 00 00 00 00 00 00 00 00 
00 00 00 00 05 5C
[2026-08-20 16:42:53.671]# RECV HEX/62 <<<
AA 00 3C 13 61 AD 00 34 9A 00 AB 4F 30 57 A7 00 00 00 00 00 00 00 00 00 00 00 00 00 00 00 00 00 00 98 00 00 AB 01 B0 A9 01 B0 8E 01 B1 7B 01 B2 84 01 B3 B0 01 B3 B0 01 B4 AE 01 B7 10 20
[2026-08-20 16:42:53.682]# RECV HEX/89 <<<
AA 00 39 13 61 AD 00 31 9A 00 AB 58 40 60 15 AB 01 B9 AE 01 BC AE 01 C0 AC 01 C4 AE 01 C9 AB 01 CF AE 01 D4 AC 01 DA B0 01 E0 B0 00 00 90 00 00 AE 01 F9 00 00 00 00 00 00 14 AD AA 00 3C 13 61 AD 00 34 9A 00 AB 60 AF 69 22 00 00 00 00 00 00 
00 00 00 00 00 00 00 00 00
[2026-08-20 16:42:53.693]# RECV HEX/81 <<<
00 00 00 00 00 00 00 00 00 00 00 00 00 00 00 00 00 00 00 00 00 00 00 00 00 00 00 00 00 00 05 1A AA 00 3C 13 61 AD 00 34 9A 00 AB 69 BB 72 2E 00 00 00 00 00 00 00 00 00 00 00 00 00 00 00 00 00 00 00 00 00 00 00 00 00 00 00 00 00 00 00 00 00 
00
[2026-08-20 16:42:53.693]# RECV HEX/11 <<<
00 00 00 00 00 00 00 00 00 00 00
[2026-08-20 16:42:53.703]# RECV HEX/61 <<<
05 44 AA 00 39 13 61 AD 00 31 9C 00 AB 72 C9 7A B5 5D 00 00 66 00 00 AC 00 00 00 00 00 00 00 00 4F 00 00 5A 03 5C 00 00 00 B0 00 00 00 00 00 47 00 00 B1 08 D6 B2 09 50 B3 08 E6 0D 8F
[2026-08-20 16:42:53.714]# RECV HEX/88 <<<
AA 00 3C 13 61 AD 00 34 9B 00 AB 7B 50 83 D0 B3 08 ED B3 00 00 B3 09 D2 B1 0A 74 B0 09 B7 B1 09 5B B0 09 58 B1 09 63 00 00 00 B3 00 00 B1 09 C0 B4 09 F9 B3 09 EE B0 09 A7 B2 09 AB 17 BD AA 00 39 13 61 AD 00 31 9B 00 AB 84 6A 8C 4C B0 00 00 
B0 0B C8 A0 0C 30 00 00
[2026-08-20 16:42:53.724]# RECV HEX/77 <<<
00 00 00 00 B3 00 00 B3 10 08 B1 10 6E B5 10 D6 B1 11 43 65 00 00 78 1E 73 6B 1E 58 B5 1E 1E 10 DD AA 00 39 13 61 AD 00 31 9B 00 AB 00 47 08 31 64 1E 9C 68 00 00 58 24 E0 57 25 C7 B1 28 F9 B2 00 00 B2 2F F1 B3 30 CC B3 31 1F B2 30
[2026-08-20 16:42:53.735]# RECV HEX/77 <<<
9D B1 30 4C AF 2F C3 76 00 00 AE 25 C0 15 7E AA 00 3C 13 61 AD 00 34 9D 00 AB 08 CC 11 6C B3 25 89 B4 25 C0 B2 00 00 B4 2E E6 B3 2E CD B2 2E 8D B4 2E A2 B4 2E 8D B4 2E 83 B4 2E 78 B6 2E 83 00 00 00 B1 00 00 B0 05 5D B2 05 68 17 5E
[2026-08-20 16:42:53.745]# RECV HEX/69 <<<
AA 00 39 13 61 AD 00 31 9C 00 AB 12 08 19 FE B2 05 7C AD 05 9B 7E 05 C0 00 00 00 00 00 00 00 00 00 00 00 00 00 00 00 00 00 00 00 00 00 00 00 00 00 00 00 00 00 00 00 00 00 08 70 AA 00 39 13 61 AD 00 31 9C 00
[2026-08-20 16:42:53.756]# RECV HEX/94 <<<
AB 1A 99 22 8F 00 00 00 00 00 00 00 00 00 00 00 00 00 00 00 00 00 00 00 00 00 00 00 00 00 00 00 00 00 00 00 00 00 00 00 00 00 00 00 00 00 00 04 E0 AA 00 3C 13 61 AD 00 34 9C 00 AB 23 2B 2B BE 00 00 00 00 00 00 00 00 00 00 00 00 00 00 00 00 
00 00 00 00 00 00 00 00 00 00 00 00 00 00
[2026-08-20 16:42:53.766]# RECV HEX/76 <<<
80 00 00 00 00 00 00 00 00 AF 00 00 B0 01 C9 07 62 AA 00 39 13 61 AD 00 31 9D 00 AB 2C 5A 34 58 AC 01 C3 AD 01 C0 AF 01 BF AD 01 BE AC 01 BE AC 01 BF AA 01 BE AD 01 BF AD 01 C1 AF 01 CB 00 00 00 00 00 00 00 00 00 81 00 00 13 60
[2026-08-20 16:42:53.776]# RECV HEX/62 <<<
AA 00 3C 13 61 AD 00 34 9C 00 AB 34 F4 3D 80 AF 02 A9 AD 02 9B AF 02 98 AE 02 99 AF 02 A2 4E 00 00 00 00 00 00 00 00 00 00 00 00 00 00 00 00 00 53 00 00 97 00 00 00 00 00 00 00 00 0D 28
[2026-08-20 16:42:53.787]# RECV HEX/89 <<<
AA 00 39 13 61 AD 00 31 9B 00 AB 3E 1B 46 01 00 00 00 00 00 00 00 00 00 00 00 00 00 00 00 00 00 00 00 00 00 00 00 00 00 00 00 00 00 00 00 00 00 00 00 00 00 00 00 00 00 00 04 1B AA 00 3C 13 61 AD 00 34 9B 00 AB 46 9B 4F 18 00 00 00 00 00 00 
00 00 00 00 00 00 00 00 00
[2026-08-20 16:42:53.787]# RECV HEX/1 <<<
00
[2026-08-20 16:42:53.797]# RECV HEX/86 <<<
00 00 00 00 00 00 00 00 00 00 00 00 00 00 00 00 00 00 00 00 00 00 00 00 00 00 00 00 00 04 C9 AA 00 39 13 61 AD 00 31 9A 00 AB 4F B2 57 8F 00 00 00 00 00 00 00 00 00 00 00 00 00 00 00 7E 00 00 AB 01 B0 AA 01 B0 85 01 B0 7E 01 B3 7E 01 B3 B2 
01 B3 B2 01 B4 AD
[2026-08-20 16:42:53.808]# RECV HEX/66 <<<
01 B6 10 61 AA 00 3C 13 61 AD 00 34 9A 00 AB 58 29 60 9E AC 01 B9 AD 01 BC AF 01 C0 AE 01 C5 AC 01 C9 AC 01 CF AD 01 D4 AD 01 DB AE 01 E0 B0 01 DF 6D 00 00 AC 01 FA 00 00 00 00 00 00 00 00 00 15 E3
[2026-08-20 16:42:53.819]# RECV HEX/73 <<<
AA 00 39 13 61 AD 00 31 9A 00 AB 61 37 69 11 00 00 00 00 00 00 00 00 00 00 00 00 00 00 00 00 00 00 00 00 00 00 00 00 00 00 00 00 00 00 00 00 00 00 00 00 00 00 00 00 00 00 04 8C AA 00 3C 13 61 AD 00 34 9A 00 AB 69 AA 72
[2026-08-20 16:42:53.819]# RECV HEX/11 <<<
20 00 00 00 00 00 00 00 00 00 00
[2026-08-20 16:42:53.829]# RECV HEX/88 <<<
00 00 00 00 00 00 00 00 00 00 00 00 00 00 00 00 00 00 00 00 00 00 00 00 00 00 00 00 00 00 00 00 5C 00 00 05 81 AA 00 39 13 61 AD 00 31 9A 00 AB 72 BA 7A A4 82 03 0E 6C 00 00 A2 00 00 00 00 00 00 00 00 58 00 00 5B 03 5D 00 00 00 B1 00 00 00 
00 00 49 00 00 B3 08 CC
[2026-08-20 16:42:53.840]# RECV HEX/70 <<<
B4 09 4E B0 08 E8 0D A4 AA 00 3C 13 61 AD 00 34 9B 00 AB 7B 3F 83 BF B2 08 E8 B2 00 00 B4 09 D1 B0 0A 68 B2 09 CB B1 09 73 AF 09 57 AF 09 5F B0 09 7A B1 09 BA B3 09 BC AF 09 F6 B2 09 EB B0 09 E6 B0 09 99 19 BE
[2026-08-20 16:42:53.851]# RECV HEX/68 <<<
AA 00 39 13 61 AD 00 31 9B 00 AB 84 59 8C 3A B0 00 00 B3 0B DF B3 0B B7 00 00 00 B3 00 00 B2 00 00 B3 0F F9 B3 10 60 B1 10 C9 B1 11 39 00 00 00 3C 00 00 5E 00 00 B2 1E 11 11 23 AA 00 3C 13 61 AD 00 34 9B
[2026-08-20 16:42:53.861]# RECV HEX/98 <<<
00 AB 00 34 08 B8 6D 1E 85 66 00 00 5C 24 E6 5C 25 9E B1 00 00 9F 00 00 B4 31 67 B1 30 CC B3 31 43 B4 30 B5 B4 30 41 B2 2F DA 00 00 00 B1 00 00 B4 25 89 14 6C AA 00 39 13 61 AD 00 31 9D 00 AB 09 54 11 55 B2 25 90 B3 00 00 B4 2F 1D B1 2E E6 
B3 2E B8 B4 2E A2 B2 2E 4E B3 2E 78 B5 2E A2 B6 2E 8D
[2026-08-20 16:42:53.872]# RECV HEX/73 <<<
00 00 00 B0 00 00 B1 05 5D B2 05 67 14 9A AA 00 39 13 61 AD 00 31 9C 00 AB 11 F1 19 E4 B2 05 7A B1 05 97 9C 05 BC 00 00 00 00 00 00 00 00 00 00 00 00 00 00 00 00 00 00 00 00 00 00 00 00 00 00 00 00 00 00 00 00 00 09 56
[2026-08-20 16:42:53.883]# RECV HEX/73 <<<
AA 00 3C 13 61 AD 00 34 9C 00 AB 1A 80 23 15 00 00 00 00 00 00 00 00 00 00 00 00 00 00 00 00 00 00 00 00 00 00 00 00 00 00 00 00 00 00 00 00 00 00 00 00 00 00 00 00 00 00 00 00 00 04 54 AA 00 39 13 61 AD 00 31 9C 00 AB
[2026-08-20 16:42:53.893]# RECV HEX/95 <<<
23 B0 2B A7 00 00 00 00 00 00 00 00 00 00 00 00 00 00 00 00 00 00 00 00 00 00 00 00 00 00 00 5F 00 00 00 00 00 00 00 00 AF 00 00 AF 01 CA 07 A9 AA 00 39 13 61 AD 00 31 9D 00 AB 2C 43 34 44 AD 01 C5 AD 01 C0 AF 01 BF AD 01 BF AC 01 BF AC 01 
BF AB 01 BF AC 01 C0 AC 01 C2 B1 01 CC 00 00
[2026-08-20 16:42:53.904]# RECV HEX/74 <<<
00 00 00 00 00 00 00 7B 00 00 13 39 AA 00 3C 13 61 AD 00 34 9C 00 AB 34 E0 3D 70 AE 02 AC AC 02 9C AE 02 98 AF 02 98 AF 02 A1 8F 00 00 00 00 00 00 00 00 00 00 00 00 00 00 00 00 00 00 00 00 AC 00 00 00 00 00 00 00 00 0D 07
[2026-08-20 16:42:53.915]# RECV HEX/66 <<<
AA 00 39 13 61 AD 00 31 9B 00 AB 3E 0B 45 F2 00 00 00 00 00 00 00 00 00 00 00 00 00 00 00 00 00 00 00 00 00 00 00 00 00 00 00 00 00 00 00 00 00 00 00 00 00 00 00 00 00 00 04 FB AA 00 3C 13 61 AD 00
[2026-08-20 16:42:53.925]# RECV HEX/97 <<<
34 9B 00 AB 46 8D 4F 0F 00 00 00 00 00 00 00 00 00 00 00 00 00 00 00 00 00 00 00 00 00 00 00 00 00 00 00 00 00 00 00 00 00 00 00 00 00 00 00 00 00 00 00 00 00 04 B2 AA 00 39 13 61 AD 00 31 9A 00 AB 4F A9 57 86 00 00 00 00 00 00 00 00 00 00 
00 00 00 00 00 6A 00 00 AA 01 B0 AB 01 B0 87 01 B1
[2026-08-20 16:42:53.936]# RECV HEX/79 <<<
7E 01 B2 7C 01 B4 B1 01 B3 B0 01 B4 AE 01 B6 10 3A AA 00 3C 13 61 AD 00 34 9A 00 AB 58 20 60 91 AB 01 B9 AD 01 BC AD 01 BF AD 01 C4 AB 01 C9 AC 01 CE AD 01 D3 AE 01 DA AF 01 DF B2 01 E1 59 00 00 AE 01 F8 56 01 FF 00 00 00 00 00 00 17 0A
[2026-08-20 16:42:53.947]# RECV HEX/61 <<<
AA 00 39 13 61 AD 00 31 9A 00 AB 61 2A 69 05 00 00 00 00 00 00 00 00 00 00 00 00 00 00 00 00 00 00 00 00 00 00 00 00 00 00 00 00 00 00 00 00 00 00 00 00 00 00 00 00 00 00 04 73 AA 00
[2026-08-20 16:42:53.947]# RECV HEX/11 <<<
3C 13 61 AD 00 34 9A 00 AB 69 9F
[2026-08-20 16:42:53.957]# RECV HEX/87 <<<
72 12 00 00 00 00 00 00 00 00 00 00 00 00 00 00 00 00 00 00 00 00 00 00 00 00 00 00 00 00 00 00 00 00 00 00 00 00 00 00 00 00 00 00 00 00 00 05 0C AA 00 39 13 61 AD 00 31 9A 00 AB 72 AD 7A 9A 66 00 00 77 00 00 9E 00 00 00 00 00 00 00 00 54 
00 00 51 03 5C 4A 03
[2026-08-20 16:42:53.968]# RECV HEX/78 <<<
70 B2 00 00 B2 00 00 B2 00 00 B3 00 00 B3 09 4E B3 08 EB 0E 62 AA 00 3C 13 61 AD 00 34 9B 00 AB 7B 35 83 B4 AD 08 E9 B2 00 00 B3 09 CF B3 0A 3C AF 09 D5 B1 09 82 AF 09 56 B0 09 52 B0 09 77 B2 09 BC B3 09 BA B1 09 FC B2 09 EF AD 09 EC
[2026-08-20 16:42:53.968]# RECV HEX/5 <<<
AE 09 91 19 85
[2026-08-20 16:42:53.978]# RECV HEX/59 <<<
AA 00 39 13 61 AD 00 31 9B 00 AB 84 4E 8C 32 B0 00 00 B1 0B E3 B4 0B AE B2 0C A8 B2 0C BD B2 00 00 B2 0F F1 B0 10 53 B4 10 C1 B3 11 36 00 00 00 3C 00 00 53 00 00 B4 1E 15 13 14
[2026-08-20 16:42:53.989]# RECV HEX/83 <<<
AA 00 3C 13 61 AD 00 34 9B 00 AB 00 2C 08 AE 6A 1E 85 5F 00 00 59 24 D9 5E 25 B2 B2 28 F9 65 00 00 B3 31 97 B0 30 7A B0 31 4F B4 30 D8 B2 30 41 B3 2F CF 00 00 00 9B 00 00 B3 25 67 15 01 AA 00 39 13 61 AD 00 31 9D 00 AB 09 49 11 44 B1 25 97 
B4 00 00
[2026-08-20 16:42:53.989]# RECV HEX/12 <<<
B3 2F 28 B0 2E E6 B3 2E AD B1 2E 98
[2026-08-20 16:42:53.999]# RECV HEX/83 <<<
B2 2E 6D B0 2E B8 B4 2E AD B6 2E 63 00 00 00 AF 00 00 B2 05 5E B2 05 67 14 B3 AA 00 39 13 61 AD 00 31 9D 00 AB 11 E0 19 D3 B2 05 7A B2 05 95 AB 05 B8 4E 05 D2 00 00 00 00 00 00 00 00 00 00 00 00 00 00 00 00 00 00 00 00 00 00 00 00 00 00 00 
00 00 00
[2026-08-20 16:42:54.010]# RECV HEX/64 <<<
0A 64 AA 00 3C 13 61 AD 00 34 9C 00 AB 1A 6E 22 FD 00 00 00 00 00 00 00 00 00 00 00 00 00 00 00 00 00 00 00 00 00 00 00 00 00 00 00 00 00 00 00 00 00 00 00 00 00 00 00 00 00 00 00 00 00 05 29
[2026-08-20 16:42:54.020]# RECV HEX/77 <<<
AA 00 39 13 61 AD 00 31 9C 00 AB 23 99 2B 8C 00 00 00 00 00 00 00 00 00 00 00 00 00 00 00 00 00 00 00 00 00 00 00 00 00 00 00 00 00 00 00 00 00 00 00 00 AC 00 00 AC 01 C9 07 11 AA 00 39 13 61 AD 00 31 9D 00 AB 2C 28 34 29 AA 01 C6
[2026-08-20 16:42:54.031]# RECV HEX/83 <<<
AC 01 C0 AF 01 C0 AD 01 BF AD 01 BF AB 01 BF AC 01 BF AB 01 C1 AD 01 C2 B0 01 CB 00 00 00 00 00 00 00 00 00 63 00 00 12 E9 AA 00 3C 13 61 AD 00 34 9C 00 AB 34 C5 3D 52 AF 02 B5 AD 00 00 AD 02 9A AE 02 9A AF 02 A1 AE 02 B1 00 00 00 00 00 00 
00 00 00
[2026-08-20 16:42:54.041]# RECV HEX/79 <<<
00 00 00 00 00 00 00 00 00 B4 00 00 52 11 53 00 00 00 0D CD AA 00 39 13 61 AD 00 31 9C 00 AB 3D ED 45 D9 00 00 00 00 00 00 00 00 00 00 00 00 00 00 00 00 00 00 00 00 00 00 00 00 00 00 00 00 00 00 00 00 00 00 00 00 00 00 00 00 00 00 05 C4
[2026-08-20 16:42:54.051]# RECV HEX/69 <<<
AA 00 3C 13 61 AD 00 34 9B 00 AB 46 74 4E F5 00 00 00 00 00 00 00 00 00 00 00 00 00 00 00 00 00 00 00 00 00 00 00 00 00 00 00 00 00 00 00 00 00 00 00 00 00 00 00 00 00 00 00 00 00 05 7E AA 00 39 13 61 AD 00
[2026-08-20 16:42:54.062]# RECV HEX/78 <<<
31 9B 00 AB 4F 90 57 73 00 00 00 00 00 00 00 00 00 00 00 00 00 00 00 56 00 00 AA 01 B0 A9 01 B0 9B 01 B1 7A 01 B2 83 01 B4 B2 01 B3 AF 01 B4 AB 01 B6 10 0D AA 00 3C 13 61 AD 00 34 9A 00 AB 58 0D 60 85 AC 01 B8 AE 01 BC AF 01 BF AC 01
[2026-08-20 16:42:54.072]# RECV HEX/95 <<<
C4 AB 01 C9 AB 01 CE AC 01 D3 AE 01 DA AF 01 DF B2 01 E3 54 01 DE AE 00 00 6C 01 FD 00 00 00 00 00 00 16 E2 AA 00 39 13 61 AD 00 31 9A 00 AB 61 1F 68 FB 00 00 00 00 00 00 00 00 00 00 00 00 00 00 00 00 00 00 00 00 00 00 00 00 00 00 00 00 00 
00 00 00 00 00 00 00 00 00 00 00 00 00 05 5D
[2026-08-20 16:42:54.082]# RECV HEX/62 <<<
AA 00 3C 13 61 AD 00 34 9B 00 AB 69 94 72 10 00 00 00 00 00 00 00 00 00 00 00 00 00 00 00 00 00 00 00 00 00 00 00 00 00 00 00 00 00 00 00 00 00 00 00 00 00 00 00 00 00 00 00 00 00 05 00
[2026-08-20 16:42:54.093]# RECV HEX/81 <<<
AA 00 39 13 61 AD 00 31 9C 00 AB 72 AB 7A 96 58 00 00 7C 00 00 9A 00 00 00 00 00 00 00 00 57 00 00 46 03 5C 4E 03 68 B0 00 00 B1 00 00 00 00 00 B4 00 00 B0 09 4B B2 08 F2 0D 91 AA 00 3C 13 61 AD 00 34 9B 00 AB 7B 31 83 B1 B2 08 E7 AE 09 AB 
B4
[2026-08-20 16:42:54.103]# RECV HEX/86 <<<
09 CC B2 0A 22 B2 09 E0 B0 09 7E B2 09 55 B2 09 4D B2 09 75 B2 09 BF B4 09 B7 B3 09 FD B2 09 ED AF 09 EB B0 09 8D 1A 1D AA 00 39 13 61 AD 00 31 9B 00 AB 84 4C 8C 2F B1 00 00 B3 0B DE B4 0B A6 B4 00 00 B3 0C C8 B2 00 00 B3 0F EF B1 10 53 B4 
10 B8 B2 11 2E 00
[2026-08-20 16:42:54.114]# RECV HEX/75 <<<
00 00 3A 00 00 50 00 00 B6 1E 1A 12 4F AA 00 3C 13 61 AD 00 34 9B 00 AB 00 29 08 AE 61 1E 8E 66 00 00 5A 24 E0 00 00 00 B2 00 00 43 00 00 B4 00 00 B3 30 6F B3 31 4F B2 30 C1 B3 30 41 B1 2F B8 B1 2F 07 AD 00 00 B3 25 7B 12 A5
[2026-08-20 16:42:54.124]# RECV HEX/70 <<<
AA 00 39 13 61 AD 00 31 9D 00 AB 09 4A 11 47 B5 25 9E B0 00 00 B5 2E FC B3 2E E6 B3 2E C2 B2 2E AD B2 2E 8D B3 2E 8D B2 2E 78 B0 2E 63 00 00 00 B3 00 00 B0 05 5E B2 05 68 15 7F AA 00 39 13 61 AD 00 31 9C 00 AB
[2026-08-20 16:42:54.135]# RECV HEX/90 <<<
11 E2 19 D6 B2 05 7B B0 05 96 B1 05 B7 72 05 CF 00 00 00 00 00 00 00 00 00 00 00 00 00 00 00 00 00 00 00 00 00 00 00 00 00 00 00 00 00 00 0A 8E AA 00 3C 13 61 AD 00 34 9C 00 AB 1A 71 22 FF 00 00 00 00 00 00 00 00 00 00 00 00 00 00 00 00 00 
00 00 00 00 00 00 00 00 00 00
[2026-08-20 16:42:54.146]# RECV HEX/79 <<<
00 00 00 00 00 00 00 00 00 00 00 00 00 00 00 00 00 00 05 2E AA 00 39 13 61 AD 00 31 9C 00 AB 23 9A 2B 8B 00 00 00 00 00 00 00 00 00 00 00 00 00 00 00 00 00 00 00 00 00 00 00 00 00 00 00 00 00 00 00 00 00 00 00 00 B0 00 00 B0 01 C9 07 19
[2026-08-20 16:42:54.156]# RECV HEX/67 <<<
AA 00 39 13 61 AD 00 31 9D 00 AB 2C 26 34 22 AC 01 C6 AC 01 C0 AD 01 C0 AC 01 BF AC 01 BF AC 01 C0 AC 01 C0 AC 01 C0 AD 01 C2 B0 01 CC 00 00 00 00 00 00 00 00 00 75 00 00 12 F4 AA 00 3C 13 61 AD 00 34
[2026-08-20 16:42:54.167]# RECV HEX/96 <<<
9C 00 AB 34 BE 3D 4A B0 02 B8 AD 00 00 AD 02 9C AE 02 9C AE 02 A3 AF 02 B2 00 00 00 00 00 00 00 00 00 00 00 00 00 00 00 00 00 00 AF 00 00 00 00 00 00 00 00 0D 0E AA 00 39 13 61 AD 00 31 9B 00 AB 3D E5 45 CE 00 00 00 00 00 00 00 00 00 00 00 
00 00 00 00 00 00 00 00 00 00 00 00 00 00 00 00
[2026-08-20 16:42:54.167]# RECV HEX/1 <<<
00
[2026-08-20 16:42:54.178]# RECV HEX/78 <<<
00 00 00 00 00 00 00 00 00 00 00 00 00 00 05 B0 AA 00 3C 13 61 AD 00 34 9B 00 AB 46 68 4E E6 00 00 00 00 00 00 00 00 00 00 00 00 00 00 00 00 00 00 00 00 00 00 00 00 00 00 00 00 00 00 00 00 00 00 00 00 00 00 00 00 00 00 00 00 00 05 63
[2026-08-20 16:42:54.188]# RECV HEX/62 <<<
AA 00 39 13 61 AD 00 31 9B 00 AB 4F 81 57 61 00 00 00 00 00 00 00 00 00 00 00 00 00 00 00 49 00 00 AB 01 AF AB 01 AF A6 01 B1 88 01 B2 81 01 B3 B0 01 B2 AF 01 B4 AF 01 B6 0F F7 AA 00 3C
[2026-08-20 16:42:54.198]# RECV HEX/81 <<<
13 61 AD 00 34 9A 00 AB 57 FB 60 72 AE 01 B8 AC 01 BB AE 01 BF AC 01 C3 AA 01 C8 AB 01 CD AE 01 D2 AD 01 D9 B0 01 DE B0 01 E3 88 00 00 AB 00 00 92 01 FE 00 00 00 00 00 00 17 2C AA 00 39 13 61 AD 00 31 9A 00 AB 61 0C 68 E7 00 00 00 00 00 00 
00
[2026-08-20 16:42:54.209]# RECV HEX/83 <<<
00 00 00 00 00 00 00 00 00 00 00 00 00 00 00 00 00 00 00 00 00 00 00 00 00 00 00 00 00 00 00 00 00 00 00 05 36 AA 00 3C 13 61 AD 00 34 9B 00 AB 69 81 71 FD 00 00 00 00 00 00 00 00 00 00 00 00 00 00 00 00 00 00 00 00 00 00 00 00 00 00 00 00 
00 00 00
[2026-08-20 16:42:54.209]# RECV HEX/12 <<<
00 00 00 00 00 00 00 00 00 00 00 00
[2026-08-20 16:42:54.219]# RECV HEX/63 <<<
00 00 05 D9 AA 00 39 13 61 AD 00 31 9C 00 AB 72 98 7A 87 67 00 00 90 00 00 73 00 00 00 00 00 00 00 00 50 00 00 00 00 00 5E 03 63 AF 00 00 B2 00 00 00 00 00 B2 00 00 B2 09 42 B2 09 2E 0B FE
[2026-08-20 16:42:54.230]# RECV HEX/73 <<<
AA 00 3C 13 61 AD 00 34 9B 00 AB 7B 22 83 A2 AC 08 E3 B2 09 8A B3 09 C7 B2 09 E7 B2 0A 0F B0 09 78 B0 09 55 B0 09 61 AF 09 6F 00 00 00 B3 00 00 B0 09 FC B2 09 F5 B0 09 E1 B2 09 87 17 83 AA 00 39 13 61 AD 00 31 9B 00 AB
[2026-08-20 16:42:54.230]# RECV HEX/11 <<<
84 3C 8C 21 B1 00 00 B3 0B DD B0
[2026-08-20 16:42:54.240]# RECV HEX/79 <<<
0B 8C B2 00 00 B4 0C C3 B2 00 00 B2 0F E0 B1 10 41 B3 10 A9 B0 11 20 3F 10 6E 73 00 00 62 1E 1E B4 1D EE 13 DF AA 00 3C 13 61 AD 00 34 9B 00 AB 00 1B 08 9E 6A 1E 42 58 00 00 5D 24 D9 5C 25 97 90 00 00 3E 2B A4 B3 00 00 B3 30 A9 B3 31 5B
[2026-08-20 16:42:54.251]# RECV HEX/79 <<<
B3 30 E4 B3 30 58 B5 2F CF B3 2F 54 9B 00 00 B6 25 97 14 E9 AA 00 39 13 61 AD 00 31 9D 00 AB 09 3A 11 37 B4 25 7B B4 00 00 B2 2F 12 B2 2E C2 B4 2E B8 B1 2E AD B2 2E AD B3 2E 8D B4 2E 78 B0 2E 98 B3 2E 6D B4 00 00 AF 05 60 B2 05 6A 15 CD
[2026-08-20 16:42:54.261]# RECV HEX/66 <<<
AA 00 39 13 61 AD 00 31 9C 00 AB 11 D3 19 C3 B0 05 7C B1 05 96 B3 05 B6 89 05 CE 00 00 00 00 00 00 00 00 00 00 00 00 00 00 00 00 00 00 00 00 00 00 00 00 00 00 00 00 00 00 0A 83 AA 00 3C 13 61 AD 00
[2026-08-20 16:42:54.272]# RECV HEX/98 <<<
34 9C 00 AB 1A 5E 22 EE 00 00 00 00 00 00 00 00 00 00 00 00 00 00 00 00 00 00 00 00 00 00 00 00 00 00 00 00 00 00 00 00 00 00 00 00 00 00 00 00 00 00 00 00 00 05 0A AA 00 39 13 61 AD 00 31 9C 00 AB 23 8A 2B 7B 00 00 00 00 00 00 00 00 00 00 
00 00 00 00 00 00 00 00 00 00 00 00 00 00 00 00 00 00
[2026-08-20 16:42:54.283]# RECV HEX/77 <<<
00 00 00 00 00 71 00 00 AF 00 00 B0 01 C8 07 68 AA 00 3C 13 61 AD 00 34 9D 00 AB 2C 17 34 B3 AC 01 C6 AE 01 C0 AE 01 C0 AD 01 BF AC 01 BF AC 01 C0 AA 01 C0 AA 01 C0 AE 01 C2 B1 00 00 00 00 00 00 00 00 00 00 00 94 00 00 AD 02 C1 14
[2026-08-20 16:42:54.283]# RECV HEX/1 <<<
40
[2026-08-20 16:42:54.294]# RECV HEX/62 <<<
AA 00 39 13 61 AD 00 31 9C 00 AB 35 4E 3D 3B AF 00 00 AE 02 A2 B0 02 A0 AE 02 A5 AD 02 B2 00 00 00 00 00 00 00 00 00 00 00 00 00 00 00 00 00 00 B4 00 00 92 11 AA 00 00 00 0C 81 AA 00 39
[2026-08-20 16:42:54.294]# RECV HEX/11 <<<
13 61 AD 00 31 9B 00 AB 3D D6 45
[2026-08-20 16:42:54.294]# RECV HEX/1 <<<
BD
[2026-08-20 16:42:54.305]# RECV HEX/83 <<<
00 00 00 00 00 00 00 00 00 00 00 00 00 00 00 00 00 00 00 00 00 00 00 00 00 00 00 00 00 00 00 00 00 00 00 00 00 00 00 00 00 00 05 90 AA 00 3C 13 61 AD 00 34 9B 00 AB 46 57 4E D4 00 00 00 00 00 00 00 00 00 00 00 00 00 00 00 00 00 00 00 00 00 
00 00 00
[2026-08-20 16:42:54.315]# RECV HEX/80 <<<
00 00 00 00 00 00 00 00 00 00 00 00 00 00 00 00 00 00 00 00 00 05 40 AA 00 39 13 61 AD 00 31 9A 00 AB 4F 6E 57 4A 00 00 00 00 00 00 00 00 00 00 00 00 00 00 00 00 00 00 AB 00 00 AC 01 B0 A8 01 B0 87 01 B1 7B 01 B3 A2 01 B2 AC 01 B4 AF 01 B5
[2026-08-20 16:42:54.315]# RECV HEX/2 <<<
0E BC
[2026-08-20 16:42:54.325]# RECV HEX/62 <<<
AA 00 3C 13 61 AD 00 34 9A 00 AB 57 E4 60 5B AD 01 B8 AD 00 00 AC 01 BE AE 01 C2 AD 01 C7 AC 01 CC AC 01 D1 AC 01 D8 AE 01 DE AD 01 E3 B0 00 00 AA 00 00 A6 01 FE 00 00 00 00 00 00 16 73
[2026-08-20 16:42:54.336]# RECV HEX/96 <<<
AA 00 3C 13 61 AD 00 34 9A 00 AB 60 F5 69 6C 00 00 00 00 00 00 00 00 00 00 00 00 00 00 00 00 00 00 00 00 00 00 00 00 00 00 00 00 00 00 00 00 00 00 00 00 00 00 00 00 00 00 00 00 00 05 AA AA 00 39 13 61 AD 00 31 9A 00 AB 6A 05 71 E1 00 00 00 
00 00 00 00 00 00 00 00 00 00 00 00 00 00 00 00
[2026-08-20 16:42:54.347]# RECV HEX/78 <<<
00 00 00 00 00 00 00 00 00 00 00 00 00 00 00 00 00 00 00 00 00 00 00 05 3B AA 00 3C 13 61 AD 00 34 9C 00 AB 72 7B 7B 0C 70 00 00 A5 03 1D 61 00 00 60 00 00 00 00 00 4D 00 00 00 00 00 68 00 00 00 00 00 B2 00 00 B6 00 00 B1 00 00 B2 09
[2026-08-20 16:42:54.347]# RECV HEX/9 <<<
30 B1 09 53 AE 08 E1 0D 49
[2026-08-20 16:42:54.358]# RECV HEX/59 <<<
AA 00 39 13 61 AD 00 31 9B 00 AB 7B A6 83 8B B2 09 03 B3 09 C5 B1 09 DB B0 0A 67 B2 00 00 B1 09 52 AE 09 57 B0 09 68 B2 09 CB B4 09 B7 B3 09 E0 B3 09 F2 B2 09 ED B3 09 7A 17 AE
[2026-08-20 16:42:54.368]# RECV HEX/90 <<<
AA 00 39 13 61 AD 00 31 9B 00 AB 84 26 8C 0D 50 00 00 B3 00 00 AB 0B 75 B1 00 00 B4 0C C6 00 00 00 B1 00 00 B3 10 2E B2 10 97 B6 11 0D B2 11 70 6A 00 00 50 1C 78 6A 1D C7 10 C1 AA 00 3C 13 61 AD 00 34 9C 00 AB 00 08 08 8F 69 1E 3D 5A 00 00 
5E 25 08 5A 25 4B 00 00 00 86
[2026-08-20 16:42:54.379]# RECV HEX/90 <<<
00 00 B3 00 00 B3 31 1F B2 31 5B B2 30 F0 B6 30 58 B2 2F FC B3 2F 6A 9B 00 00 B3 25 82 12 3C AA 00 39 13 61 AD 00 31 9D 00 AB 09 2B 11 2C B3 25 82 A6 00 00 B5 2F 1D B5 2E CD B2 2E D8 B0 2E C2 B3 2E 8D B4 2E 78 B2 2E 78 B1 2E 98 B6 2E AD B2 
00 00 B2 05 64 AF 05 6D 16 0D
[2026-08-20 16:42:54.390]# RECV HEX/62 <<<
AA 00 3C 13 61 AD 00 34 9C 00 AB 11 C8 1A 5B B0 05 7E B2 05 98 B1 05 B7 9C 05 CF 00 00 00 00 00 00 00 00 00 00 00 00 00 00 00 00 00 00 00 00 00 00 00 00 00 00 00 00 00 00 00 00 00 0A 2F
[2026-08-20 16:42:54.390]# RECV HEX/7 <<<
AA 00 39 13 61 AD 00
[2026-08-20 16:42:54.400]# RECV HEX/82 <<<
31 9C 00 AB 1A F6 22 E7 00 00 00 00 00 00 00 00 00 00 00 00 00 00 00 00 00 00 00 00 00 00 00 00 00 00 00 00 00 00 00 00 00 00 00 00 00 00 00 00 00 00 05 95 AA 00 39 13 61 AD 00 31 9C 00 AB 23 83 2B 78 00 00 00 00 00 00 00 00 00 00 00 00 00 
00 00
[2026-08-20 16:42:54.411]# RECV HEX/78 <<<
00 00 00 00 00 00 00 00 00 00 00 00 00 00 00 00 00 00 AE 00 00 B1 01 CA AD 01 C8 08 65 AA 00 3C 13 61 AD 00 34 9D 00 AB 2C 14 34 AE AD 01 C5 AC 01 C0 AD 01 C0 AD 01 BF AC 01 C0 AB 01 C0 AB 01 C1 AA 01 B9 AE 01 C4 57 00 00 00 00 00 00
[2026-08-20 16:42:54.411]# RECV HEX/12 <<<
00 00 AC 00 00 AC 00 00 B0 02 C8 14
[2026-08-20 16:42:54.421]# RECV HEX/60 <<<
A6 AA 00 39 13 61 AD 00 31 9C 00 AB 35 4A 3D 3A AF 00 00 AE 02 AA B0 02 AB AE 02 B2 AC 02 C1 00 00 00 00 00 00 00 00 00 00 00 00 00 00 00 00 00 00 B0 00 00 92 11 A6 00 00 00 0C A2
[2026-08-20 16:42:54.432]# RECV HEX/74 <<<
AA 00 39 13 61 AD 00 31 9B 00 AB 3D D5 45 BE 00 00 00 00 00 00 00 00 00 00 00 00 00 00 00 00 00 00 00 00 00 00 00 00 00 00 00 00 00 00 00 00 00 00 00 00 00 00 00 00 00 00 05 90 AA 00 3C 13 61 AD 00 34 9B 00 AB 46 58 4E D8
[2026-08-20 16:42:54.432]# RECV HEX/12 <<<
00 00 00 00 00 00 00 00 00 00 00 00
[2026-08-20 16:42:54.442]# RECV HEX/80 <<<
00 00 00 00 00 00 00 00 00 00 00 00 00 00 00 00 00 00 00 00 00 00 00 00 00 00 00 00 00 00 00 00 00 05 45 AA 00 39 13 61 AD 00 31 9B 00 AB 4F 72 57 50 00 00 00 00 00 00 00 00 00 00 00 00 00 00 00 00 00 00 AB 00 00 AC 01 B0 A9 01 B0 89 01 B1
[2026-08-20 16:42:54.452]# RECV HEX/76 <<<
7B 01 B3 A2 01 B2 AE 01 B4 AF 01 B5 0E CC AA 00 3C 13 61 AD 00 34 9A 00 AB 57 EA 60 5C AE 01 B8 AC 01 BB AD 01 BE AC 01 C2 AC 01 C7 AB 01 CC AC 01 D2 AD 01 D8 AD 01 DE AF 01 E4 B0 00 00 A7 00 00 AB 01 FF 00 00 00 00 00 00 17 3A
[2026-08-20 16:42:54.463]# RECV HEX/73 <<<
AA 00 3C 13 61 AD 00 34 9A 00 AB 60 F6 69 6C 00 00 00 00 00 00 00 00 00 00 00 00 00 00 00 00 00 00 00 00 00 00 00 00 00 00 00 00 00 00 00 00 00 00 00 00 00 00 00 00 00 00 00 00 00 05 AB AA 00 39 13 61 AD 00 31 9A 00 AB
[2026-08-20 16:42:54.474]# RECV HEX/78 <<<
6A 06 71 E0 00 00 00 00 00 00 00 00 00 00 00 00 00 00 00 00 00 00 00 00 00 00 00 00 00 00 00 00 00 00 00 00 00 00 00 00 00 00 00 00 00 00 05 3B AA 00 3C 13 61 AD 00 34 9C 00 AB 72 7A 7B 06 96 00 00 A4 00 00 68 00 00 4B 00 00 00 00 00
[2026-08-20 16:42:54.484]# RECV HEX/91 <<<
00 00 00 00 00 00 6A 00 00 00 00 00 B1 00 00 B2 00 00 B4 00 00 AF 09 2E B2 09 4E B0 08 E1 0C E5 AA 00 39 13 61 AD 00 31 9B 00 AB 7B A0 83 86 B2 08 FC B4 00 00 AF 09 D9 AF 0A 76 B2 00 00 B0 09 53 B0 09 5B AF 09 68 B0 09 C6 B3 09 B7 B6 09 CB 
B2 09 FD B1 09 EE B1 09 83 17 D4
[2026-08-20 16:42:54.495]# RECV HEX/68 <<<
AA 00 3C 13 61 AD 00 34 9B 00 AB 84 21 8C A0 A0 09 DE B2 00 00 A2 0B 73 B2 00 00 00 00 00 00 00 00 B3 00 00 B4 10 29 B2 10 92 B6 11 03 B4 11 4A 58 00 00 6A 1E A5 6B 1D D4 68 1E 30 11 C1 AA 00 39 13 61 AD
[2026-08-20 16:42:54.506]# RECV HEX/84 <<<
00 31 9B 00 AB 00 9A 08 85 00 00 00 5A 00 00 00 00 00 4B 00 00 AA 29 12 B1 00 00 B1 31 A4 B2 31 43 B3 30 FB B1 30 7A B4 30 07 B3 2F 75 8B 00 00 B6 25 90 10 FA AA 00 39 13 61 AD 00 31 9D 00 AB 09 21 11 24 B3 25 82 A7 26 79 B4 00 00 B2 2F 1D 
B2 2E D8 B1
[2026-08-20 16:42:54.506]# RECV HEX/3 <<<
2E D8 B3
[2026-08-20 16:42:54.506]# RECV HEX/8 <<<
2E 98 B4 2E 78 B4 2E 6D
[2026-08-20 16:42:54.517]# RECV HEX/78 <<<
B3 2E 8D B5 2E 58 B0 00 00 B3 05 69 B2 05 71 15 61 AA 00 3C 13 61 AD 00 34 9C 00 AB 11 C0 1A 53 B3 05 83 AF 05 9E AF 05 BE 70 05 D5 00 00 00 00 00 00 00 00 00 00 00 00 00 00 00 00 00 00 00 00 00 00 00 00 00 00 00 00 00 00 00 00 00 0A
[2026-08-20 16:42:54.517]# RECV HEX/1 <<<
09
[2026-08-20 16:42:54.527]# RECV HEX/66 <<<
AA 00 39 13 61 AD 00 31 9C 00 AB 1A EF 22 E6 00 00 00 00 00 00 00 00 00 00 00 00 00 00 00 00 00 00 00 00 00 00 00 00 00 00 00 00 00 00 00 00 00 00 00 00 00 00 00 00 00 00 05 8D AA 00 39 13 61 AD 00
[2026-08-20 16:42:54.538]# RECV HEX/78 <<<
31 9C 00 AB 23 82 2B 76 00 00 00 00 00 00 00 00 00 00 00 00 00 00 00 00 00 00 00 00 00 00 00 00 00 00 00 00 00 00 B2 00 00 AF 01 CC AD 01 C6 AD 01 C6 09 D8 AA 00 3C 13 61 AD 00 34 9D 00 AB 2C 12 34 B4 AE 01 C5 AC 01 C1 AD 01 C0 AD 01
[2026-08-20 16:42:54.548]# RECV HEX/95 <<<
BF AC 01 C0 AA 01 C2 AA 01 C2 9F 01 B8 71 00 00 00 00 00 00 00 00 AD 00 00 00 00 00 B2 00 00 AE 00 00 12 83 AA 00 39 13 61 AD 00 31 9C 00 AB 35 4F 3D 3D B0 02 BC AF 02 BA B1 02 BC B1 02 C7 00 00 00 00 00 00 00 00 00 00 00 00 00 00 00 00 00 
00 84 00 00 B2 12 9C 9B 11 AB 00 00 00 0D 77
[2026-08-20 16:42:54.559]# RECV HEX/59 <<<
AA 00 39 13 61 AD 00 31 9B 00 AB 3D D8 45 C0 00 00 00 00 00 00 00 00 00 00 00 00 00 00 00 00 00 00 00 00 00 00 00 00 00 00 00 00 00 00 00 00 00 00 00 00 00 00 00 00 00 00 05 95
[2026-08-20 16:42:54.569]# RECV HEX/84 <<<
AA 00 3C 13 61 AD 00 34 9B 00 AB 46 5A 4E DB 00 00 00 00 00 00 00 00 00 00 00 00 00 00 00 00 00 00 00 00 00 00 00 00 00 00 00 00 00 00 00 00 00 00 00 00 00 00 00 00 00 00 00 00 00 05 4A AA 00 39 13 61 AD 00 31 9B 00 AB 4F 75 57 53 00 00 00 
00 00 00 00
[2026-08-20 16:42:54.580]# RECV HEX/95 <<<
00 00 00 00 00 00 00 00 00 00 00 AA 00 00 AB 01 B0 A9 01 B0 88 01 B1 81 01 B4 99 01 B3 AF 01 B4 AE 01 B5 0E CE AA 00 3C 13 61 AD 00 34 9A 00 AB 57 ED 60 61 AD 01 B8 AC 01 BB AB 01 BF AD 01 C3 AD 01 C7 AB 01 CC AC 01 D2 AD 01 D7 AD 01 DE AF 
01 E4 B2 00 00 A4 00 00 AB 01 FE 00 00 00 00
[2026-08-20 16:42:54.590]# RECV HEX/66 <<<
00 00 17 40 AA 00 3C 13 61 AD 00 34 9A 00 AB 60 FB 69 71 00 00 00 00 00 00 00 00 00 00 00 00 00 00 00 00 00 00 00 00 00 00 00 00 00 00 00 00 00 00 00 00 00 00 00 00 00 00 00 00 00 00 00 00 00 05 B5
[2026-08-20 16:42:54.601]# RECV HEX/65 <<<
AA 00 39 13 61 AD 00 31 9A 00 AB 6A 0B 71 E4 00 00 00 00 00 00 00 00 00 00 00 00 00 00 00 00 00 00 00 00 00 00 00 00 00 00 00 00 00 00 00 00 00 00 00 00 00 00 00 00 00 00 05 44 AA 00 3C 13 61 AD
[2026-08-20 16:42:54.601]# RECV HEX/12 <<<
00 34 9C 00 AB 72 7E 7B 05 9A 00 00
[2026-08-20 16:42:54.612]# RECV HEX/86 <<<
9F 00 00 63 00 00 4E 00 00 00 00 00 00 00 00 00 00 00 6C 00 00 00 00 00 B2 00 00 B2 00 00 AF 00 00 B2 09 28 B0 09 4D B0 08 E0 0C DC AA 00 39 13 61 AD 00 31 9B 00 AB 7B A0 83 83 B3 08 F9 B2 09 C0 B3 09 D7 B2 0A 7B B2 00 00 AF 09 53 B0 09 5B 
B0 09 68 B1 09 B3
[2026-08-20 16:42:54.622]# RECV HEX/79 <<<
B3 09 B8 B4 09 BF B2 09 F8 B2 09 ED B2 09 8A 18 84 AA 00 3C 13 61 AD 00 34 9B 00 AB 84 1D 8C 9B AE 09 D2 B1 00 00 AA 0B 76 B3 00 00 00 00 00 00 00 00 B2 00 00 B3 10 1F AF 10 8A B3 10 FA B3 11 33 4B 00 00 6A 1E 9C 71 1D D4 71 1E 1E 12 70
[2026-08-20 16:42:54.633]# RECV HEX/77 <<<
AA 00 39 13 61 AD 00 31 9B 00 AB 00 96 08 7D 00 00 00 5E 00 00 59 25 37 4C 27 14 B4 28 F9 B1 00 00 B2 31 43 B2 31 37 B2 30 FB B5 30 86 B3 30 1E AF 2F A2 62 00 00 B1 25 97 12 8E AA 00 39 13 61 AD 00 31 9D 00 AB 09 19 11 1A B1 25 7B
[2026-08-20 16:42:54.643]# RECV HEX/79 <<<
B6 26 23 B5 00 00 B2 2F 07 B2 2E E6 B2 2E AD B1 2E 8D B3 2E 8D B4 2E 58 B5 2E A2 B3 2E 8D B1 00 00 AE 05 6E AF 05 77 15 0E AA 00 3C 13 61 AD 00 34 9C 00 AB 11 B6 1A 4B B2 05 8A AF 05 A4 B3 05 C4 86 05 D8 00 00 00 00 00 00 00 00 00 00 00
[2026-08-20 16:42:54.654]# RECV HEX/83 <<<
00 00 00 00 00 00 00 00 00 00 00 00 00 00 00 00 00 00 00 00 00 00 0A 26 AA 00 39 13 61 AD 00 31 9C 00 AB 1A E7 22 DC 00 00 00 00 00 00 00 00 00 00 00 00 00 00 00 00 00 00 00 00 00 00 00 00 00 00 00 00 00 00 00 00 00 00 00 00 00 00 00 00 00 
00 05 7B
[2026-08-20 16:42:54.664]# RECV HEX/61 <<<
AA 00 39 13 61 AD 00 31 9C 00 AB 23 78 2B 6F 00 00 00 00 00 00 00 00 00 00 00 00 00 00 00 00 00 00 00 00 00 00 00 00 00 00 00 94 00 00 B2 01 D0 AF 01 C8 B0 01 C5 AE 01 C5 0B 2A AA 00
[2026-08-20 16:42:54.675]# RECV HEX/99 <<<
3C 13 61 AD 00 34 9D 00 AB 2C 0B 34 AE AB 01 C6 AC 01 C2 AD 01 C0 AD 01 C0 AE 01 C2 AA 01 C3 AB 01 C6 74 00 00 00 00 00 00 00 00 00 00 00 73 00 00 B2 00 00 AF 02 F1 AF 00 00 12 94 AA 00 39 13 61 AD 00 31 9C 00 AB 35 49 3D 3D AF 00 00 AF 02 
D0 B0 02 D6 AF 02 E4 00 00 00 00 00 00 00 00 00 00 00 00
[2026-08-20 16:42:54.686]# RECV HEX/79 <<<
00 00 00 00 00 00 99 00 00 B5 12 B4 76 11 A5 4F 10 EB 0E 4B AA 00 39 13 61 AD 00 31 9B 00 AB 3D D8 45 C1 00 00 00 00 00 00 00 00 00 00 00 00 00 00 00 00 00 00 00 00 00 00 00 00 00 00 00 00 00 00 00 00 00 00 00 00 00 00 00 00 00 00 05 96
[2026-08-20 16:42:54.696]# RECV HEX/65 <<<
AA 00 3C 13 61 AD 00 34 9B 00 AB 46 5B 4E DD 00 00 00 00 00 00 00 00 00 00 00 00 00 00 00 00 00 00 00 00 00 00 00 00 00 00 00 00 00 00 00 00 00 00 00 00 00 00 00 00 00 00 00 00 00 05 4D AA 00 39
[2026-08-20 16:42:54.706]# RECV HEX/79 <<<
13 61 AD 00 31 9B 00 AB 4F 77 57 56 00 00 00 00 00 00 00 00 00 00 00 00 00 00 00 00 00 00 A3 00 00 AB 01 B0 AC 01 B0 8B 01 B1 80 01 B4 95 01 B3 B1 01 B4 AF 01 B6 0E D1 AA 00 3C 13 61 AD 00 34 9A 00 AB 57 F0 60 63 AE 01 B8 AD 01 BB B0 01
[2026-08-20 16:42:54.717]# RECV HEX/92 <<<
BF AC 01 C3 AC 01 C7 AB 01 CD AD 01 D2 AE 01 D8 AF 01 DF AF 01 E5 AF 00 00 A0 00 00 AA 01 FF 00 00 00 00 00 00 17 4B AA 00 3C 13 61 AD 00 34 9A 00 AB 60 FD 69 71 00 00 00 00 00 00 00 00 00 00 00 00 00 00 00 00 00 00 00 00 00 00 00 00 00 00 
00 00 00 00 00 00 00 00 00 00 00 00
[2026-08-20 16:42:54.728]# RECV HEX/68 <<<
00 00 00 00 00 00 00 05 B7 AA 00 39 13 61 AD 00 31 9A 00 AB 6A 0A 71 E5 00 00 00 00 00 00 00 00 00 00 00 00 00 00 00 00 00 00 00 00 00 00 00 00 00 00 00 00 00 00 00 00 00 00 00 00 00 00 00 00 00 00 05 44
[2026-08-20 16:42:54.738]# RECV HEX/81 <<<
AA 00 3C 13 61 AD 00 34 9C 00 AB 72 7F 7B 0A AB 00 00 90 00 00 63 00 00 00 00 00 00 00 00 53 00 00 00 00 00 5E 03 60 00 00 00 B1 00 00 00 00 00 B3 00 00 AF 09 29 AF 09 4C AE 08 E2 0C 8B AA 00 39 13 61 AD 00 31 9B 00 AB 7B A4 83 86 AE 08 F7 
B2
[2026-08-20 16:42:54.749]# RECV HEX/89 <<<
00 00 B3 09 D6 B1 0A 74 B0 00 00 B0 09 57 AF 09 5D AF 09 66 B2 09 AF B4 09 B8 B3 09 BC B4 09 F5 B2 09 EF B4 09 7E 17 A4 AA 00 39 13 61 AD 00 31 9B 00 AB 84 20 8C A0 B2 09 CB B3 00 00 B1 0B 84 B3 00 00 00 00 00 00 00 00 00 00 00 00 00 00 00 
00 00 00 00 00 00 00 00 4E
[2026-08-20 16:42:54.760]# RECV HEX/72 <<<
00 00 6A 1E 8E 6B 1D E5 0C 48 AA 00 3C 13 61 AD 00 34 9B 00 AB 00 9B 08 80 64 1E 39 00 00 00 5F 00 00 00 00 00 4D 00 00 B1 29 2B B2 00 00 B2 31 67 B1 31 73 B3 31 1F B3 30 86 B4 30 07 AE 2F AD 5F 00 00 B6 25 82 10 FE
[2026-08-20 16:42:54.770]# RECV HEX/73 <<<
AA 00 39 13 61 AD 00 31 9B 00 AB 09 1B 11 1A AE 25 90 B2 26 23 B4 00 00 B4 2F 07 B0 2E E6 AF 2E A2 B2 2E A2 B3 2E 8D B5 2E 58 B6 2E 58 B4 2E 63 B2 00 00 B3 05 79 B3 05 84 14 D4 AA 00 3C 13 61 AD 00 34 9C 00 AB 11 B6 1A
[2026-08-20 16:42:54.780]# RECV HEX/87 <<<
47 B2 05 97 B2 05 B3 B0 05 CE A4 05 DB 00 00 00 00 00 00 00 00 00 00 00 00 00 00 00 00 00 00 00 00 00 00 00 00 00 00 00 00 00 00 00 00 00 0A 69 AA 00 39 13 61 AD 00 31 9C 00 AB 1A E3 22 D7 00 00 00 00 00 00 00 00 00 00 00 00 00 00 00 00 00 
00 00 00 00 00 00 00
[2026-08-20 16:42:54.791]# RECV HEX/79 <<<
00 00 00 00 00 00 00 00 00 00 00 00 00 00 00 00 00 00 05 72 AA 00 39 13 61 AD 00 31 9C 00 AB 23 73 2B 69 00 00 00 00 00 00 00 00 00 00 00 00 00 00 00 00 00 00 00 00 00 00 00 00 85 00 00 AE 01 D3 B0 01 C9 B0 01 C5 B0 01 C5 AF 01 C6 0C 89
[2026-08-20 16:42:54.801]# RECV HEX/66 <<<
AA 00 3C 13 61 AD 00 34 9D 00 AB 2C 05 34 A4 AD 01 C7 AC 01 C2 AC 01 C1 AC 01 C2 AB 01 C4 AB 01 C7 A8 00 00 00 00 00 00 00 00 5E 00 00 00 00 00 B2 00 00 B0 03 04 AE 00 00 B1 02 E4 11 E4 AA 00 39 13
[2026-08-20 16:42:54.812]# RECV HEX/90 <<<
61 AD 00 31 9C 00 AB 35 3F 3D 35 AD 02 DD AF 02 DF AF 02 E2 AE 02 F2 00 00 00 00 00 00 00 00 00 00 00 00 00 00 00 00 00 00 97 00 00 B1 12 CD 00 00 00 8F 00 00 0D 69 AA 00 39 13 61 AD 00 31 9C 00 AB 3D D1 45 BC 00 00 00 00 00 00 00 00 00 00 
00 00 00 00 00 00 00 00 00 00
[2026-08-20 16:42:54.822]# RECV HEX/84 <<<
00 00 00 00 00 00 00 00 00 00 00 00 00 00 00 00 00 00 00 00 00 00 05 8B AA 00 3C 13 61 AD 00 34 9B 00 AB 46 57 4E D8 00 00 00 00 00 00 00 00 00 00 00 00 00 00 00 00 00 00 00 00 00 00 00 00 00 00 00 00 00 00 00 00 00 00 00 00 00 00 00 00 00 
00 00 00 00
[2026-08-20 16:42:54.833]# RECV HEX/61 <<<
05 44 AA 00 39 13 61 AD 00 31 9B 00 AB 4F 72 57 56 00 00 00 00 00 00 00 00 00 00 00 00 00 00 00 00 00 00 9B 00 00 AB 01 B0 A8 01 B0 89 01 B1 7D 01 B4 8D 01 B4 B2 01 B4 AF 01 B6 0E B5
[2026-08-20 16:42:54.843]# RECV HEX/80 <<<
AA 00 3C 13 61 AD 00 34 9A 00 AB 57 F1 60 65 AD 01 B8 AB 01 BB AD 01 BF AC 01 C3 AB 01 C8 AB 01 CD AC 01 D3 AC 01 D8 AF 01 DF B0 01 E5 B2 01 DA A1 00 00 AA 02 00 00 00 00 00 00 00 17 28 AA 00 3C 13 61 AD 00 34 9A 00 AB 60 FE 69 75 00 00 00
[2026-08-20 16:42:54.854]# RECV HEX/99 <<<
00 00 00 00 00 00 00 00 00 00 00 00 00 00 00 00 00 00 00 00 00 00 00 00 00 00 00 00 00 00 00 00 00 00 00 00 00 00 00 00 00 00 05 BC AA 00 39 13 61 AD 00 31 9A 00 AB 6A 0F 71 EC 00 00 00 00 00 00 00 00 00 00 00 00 00 00 00 00 00 00 00 00 00 
00 00 00 00 00 00 00 00 00 00 00 00 00 00 00 00 00 00 00
[2026-08-20 16:42:54.864]# RECV HEX/63 <<<
00 00 05 50 AA 00 39 13 61 AD 00 31 9C 00 AB 72 86 7A 72 AC 00 00 81 00 00 68 00 00 00 00 00 00 00 00 60 00 00 00 00 00 58 03 61 00 00 00 B0 00 00 00 00 00 B4 00 00 AE 09 2E AD 09 4B 0B 5B
[2026-08-20 16:42:54.875]# RECV HEX/74 <<<
AA 00 3C 13 61 AD 00 34 9B 00 AB 7B 0D 83 8E B2 08 E3 B1 08 FC B0 00 00 B1 09 D7 B2 0A 76 B2 00 00 AE 09 5A B0 09 5D B1 09 67 B0 09 B4 B3 09 B9 B3 09 C3 B3 09 F8 B3 09 F1 B3 09 7A 18 D1 AA 00 39 13 61 AD 00 31 9B 00 AB 84
[2026-08-20 16:42:54.875]# RECV HEX/3 <<<
28 8C 0C
[2026-08-20 16:42:54.885]# RECV HEX/83 <<<
AF 09 CD B3 00 00 AD 0B 7C B2 00 00 00 00 00 00 00 00 00 00 00 00 00 00 00 00 00 00 00 00 00 00 00 4E 00 00 6C 1E 7C 6D 1D EE 0B A9 AA 00 3C 13 61 AD 00 34 9B 00 AB 00 06 08 8C 66 1E 34 00 00 00 5F 00 00 5D 25 74 4A 27 85 B2 29 2B B2 00 00 
B2 31 73
[2026-08-20 16:42:54.896]# RECV HEX/82 <<<
B1 31 5B B1 31 1F B0 30 92 B2 2F F1 B1 2F 75 78 00 00 B6 25 89 12 DF AA 00 39 13 61 AD 00 31 9D 00 AB 09 28 11 27 B0 25 89 B5 26 47 B2 00 00 B3 2E FC B0 2E E6 B3 2E B8 B1 2E A2 B4 2E 83 B3 2E 63 B5 2E 63 B3 2E 63 B5 00 00 AF 05 84 B0 05 90 
16 38
[2026-08-20 16:42:54.906]# RECV HEX/66 <<<
AA 00 3C 13 61 AD 00 34 9C 00 AB 11 C3 1A 54 AE 05 A6 B1 05 C1 B1 05 D4 B0 05 D9 A4 05 D2 00 00 00 00 00 00 00 00 00 00 00 00 00 00 00 00 00 00 00 00 00 00 00 00 00 00 00 00 00 00 0C 27 AA 00 39 13
[2026-08-20 16:42:54.917]# RECV HEX/95 <<<
61 AD 00 31 9C 00 AB 1A F0 22 E1 00 00 00 00 00 00 00 00 00 00 00 00 00 00 00 00 00 00 00 00 00 00 00 00 00 00 00 00 00 00 00 00 00 00 00 00 00 00 00 00 00 00 05 89 AA 00 39 13 61 AD 00 31 9C 00 AB 23 7D 2B 71 00 00 00 00 00 00 00 00 00 00 
00 00 00 00 00 00 00 00 00 00 00 00 00 00 AC
[2026-08-20 16:42:54.928]# RECV HEX/77 <<<
00 00 B0 00 00 B3 01 CA B0 01 C7 AC 01 C8 AF 01 C9 0B F8 AA 00 3C 13 61 AD 00 34 9D 00 AB 2C 0C 34 AA AB 01 C9 AC 01 C3 AD 01 C4 AE 01 C6 AC 01 CA AA 01 D3 5B 00 00 00 00 00 00 00 00 00 00 00 B0 00 00 AF 00 00 B1 00 00 B2 02 F1 B1
[2026-08-20 16:42:54.938]# RECV HEX/63 <<<
02 E0 12 FD AA 00 39 13 61 AD 00 31 9C 00 AB 35 45 3D 35 AE 02 E0 00 00 00 AF 00 00 AD 02 C4 5B 00 00 00 00 00 00 00 00 00 00 00 00 00 00 00 00 00 6D 00 00 B5 00 00 00 00 00 9E 00 00 0A 35
[2026-08-20 16:42:54.948]# RECV HEX/83 <<<
AA 00 39 13 61 AD 00 31 9B 00 AB 3D D0 45 BB 00 00 00 00 00 00 00 00 00 00 00 00 00 00 00 00 00 00 00 00 00 00 00 00 00 00 00 00 00 00 00 00 00 00 00 00 00 00 00 00 00 00 05 88 AA 00 3C 13 61 AD 00 34 9B 00 AB 46 56 4E D4 00 00 00 00 00 00 
00 00 00
[2026-08-20 16:42:54.959]# RECV HEX/93 <<<
00 00 00 00 00 00 00 00 00 00 00 00 00 00 00 00 00 00 00 00 00 00 00 00 00 00 00 00 00 00 00 00 00 00 00 00 05 3F AA 00 39 13 61 AD 00 31 9B 00 AB 4F 6E 57 50 00 00 00 00 00 00 00 00 00 00 00 00 00 00 00 00 00 00 94 00 00 AC 01 B0 A9 01 B0 
8B 01 B1 7E 01 B3 82 01 B4 AE 01 B4 AF
[2026-08-20 16:42:54.959]# RECV HEX/2 <<<
01 B6
[2026-08-20 16:42:54.970]# RECV HEX/64 <<<
0E 99 AA 00 3C 13 61 AD 00 34 9B 00 AB 57 EA 60 65 AB 01 B8 AD 01 BB AE 01 BF AE 01 C3 AB 01 C8 AC 01 CD AB 01 D3 AC 01 D8 AE 01 E0 AC 01 E6 B0 01 DC A0 00 00 AB 02 00 00 00 00 00 00 00 17 22
[2026-08-20 16:42:54.980]# RECV HEX/82 <<<
AA 00 3C 13 61 AD 00 34 9A 00 AB 60 FF 69 75 00 00 00 00 00 00 00 00 00 00 00 00 00 00 00 00 00 00 00 00 00 00 00 00 00 00 00 00 00 00 00 00 00 00 00 00 00 00 00 00 00 00 00 00 00 05 BD AA 00 39 13 61 AD 00 31 9B 00 AB 6A 0F 71 ED 00 00 00 
00 00
[2026-08-20 16:42:54.991]# RECV HEX/89 <<<
00 00 00 00 00 00 00 00 00 00 00 00 00 00 00 00 00 00 00 00 00 00 00 00 00 00 00 00 00 00 00 00 00 00 00 00 00 05 52 AA 00 39 13 61 AD 00 31 9B 00 AB 72 88 7A 77 AC 00 00 7F 00 00 64 00 00 00 00 00 00 00 00 6A 00 00 00 00 00 51 03 64 00 00 
00 B1 00 00 00 00 00 B1 00
[2026-08-20 16:42:55.002]# RECV HEX/71 <<<
00 B2 09 2D B3 09 4A 0B 67 AA 00 3C 13 61 AD 00 34 9B 00 AB 7B 12 83 93 B2 08 E3 AF 08 F7 AF 00 00 B3 09 D5 B1 0A 73 B2 00 00 B0 09 5A B2 09 5D B0 09 66 B2 09 B0 B3 09 BA B3 09 CB B2 09 F8 B2 09 F4 B1 09 78 18 D5
[2026-08-20 16:42:55.012]# RECV HEX/75 <<<
AA 00 39 13 61 AD 00 31 9B 00 AB 84 2D 8C 13 B2 09 D2 B1 00 00 AD 0B 73 00 00 00 00 00 00 00 00 00 00 00 00 00 00 00 00 00 00 00 00 00 00 00 00 4F 00 00 69 1E 9C 6F 1D F2 0B 24 AA 00 3C 13 61 AD 00 34 9B 00 AB 00 0E 08 90 65
[2026-08-20 16:42:55.023]# RECV HEX/97 <<<
1E 3D 4D 1F F1 5E 00 00 5E 25 08 00 00 00 B2 00 00 B2 00 00 B2 31 A4 B1 31 73 B4 31 13 B3 30 6F B3 2F DA B4 2F 75 72 00 00 B5 25 97 12 AE AA 00 39 13 61 AD 00 31 9D 00 AB 09 2C 11 2C B1 25 9E B2 26 55 B1 00 00 B2 2F 07 B1 2E C2 B3 2E A2 B0 
2E A2 B4 2E A2 B5 2E 8D B6 2E 78 B0 2E 78 B2 00 00
[2026-08-20 16:42:55.033]# RECV HEX/70 <<<
B2 05 8A B0 05 96 15 B1 AA 00 3C 13 61 AD 00 34 9C 00 AB 11 C9 1A 58 AE 05 AD AF 05 C9 B1 05 DA B2 05 DA B3 05 D1 00 00 00 00 00 00 00 00 00 00 00 00 00 00 00 00 00 00 00 00 00 00 00 00 00 00 00 00 00 00 0C 55
[2026-08-20 16:42:55.044]# RECV HEX/75 <<<
AA 00 39 13 61 AD 00 31 9C 00 AB 1A F4 22 E8 00 00 00 00 00 00 00 00 00 00 00 00 00 00 00 00 00 00 00 00 00 00 00 00 00 00 00 00 00 00 00 00 00 00 00 00 00 00 00 00 00 00 05 94 AA 00 39 13 61 AD 00 31 9C 00 AB 23 83 2B 78 00
[2026-08-20 16:42:55.055]# RECV HEX/79 <<<
00 00 00 00 00 00 00 00 00 00 00 00 00 00 00 00 00 00 00 00 52 00 00 AE 01 DC AE 00 00 B4 01 CA AE 01 C9 B0 01 CA B0 01 CB 0D 3E AA 00 3C 13 61 AD 00 34 9D 00 AB 2C 14 34 B0 AC 01 CB AC 01 C5 AE 01 C6 AD 01 C9 AB 01 CF 5E 00 00 00 00 00
[2026-08-20 16:42:55.065]# RECV HEX/85 <<<
00 00 00 00 00 00 62 00 00 B3 03 2E B2 03 1F B1 00 00 B0 00 00 00 00 00 0F D1 AA 00 39 13 61 AD 00 31 9C 00 AB 35 4B 3D 38 AD 00 00 B0 00 00 AE 02 4C AC 00 00 A4 00 00 56 00 00 00 00 00 00 00 00 00 00 00 00 00 00 00 00 00 00 00 00 65 00 00 
AD 11 10 09 A3
[2026-08-20 16:42:55.076]# RECV HEX/60 <<<
AA 00 39 13 61 AD 00 31 9B 00 AB 3D D3 45 BB 00 00 00 00 00 00 00 00 00 00 00 00 00 00 00 00 00 00 00 00 00 00 00 00 00 00 00 00 00 00 00 00 00 00 00 00 00 00 00 00 00 00 05 8B AA
[2026-08-20 16:42:55.076]# RECV HEX/11 <<<
00 3C 13 61 AD 00 34 9B 00 AB 46
[2026-08-20 16:42:55.086]# RECV HEX/80 <<<
55 4E D1 00 00 00 00 00 00 00 00 00 00 00 00 00 00 00 00 00 00 00 00 00 00 00 00 00 00 00 00 00 00 00 00 00 00 00 00 00 00 00 00 00 00 00 00 00 05 3B AA 00 3C 13 61 AD 00 34 9A 00 AB 4F 6B 57 E3 00 00 00 00 00 00 00 00 00 00 00 00 00 00 00
[2026-08-20 16:42:55.097]# RECV HEX/91 <<<
47 00 00 8E 01 AA AC 01 B0 AC 01 B0 8E 01 B1 7B 01 B2 7C 01 B4 B0 01 B4 AF 01 B5 AD 01 B8 11 7D AA 00 39 13 61 AD 00 31 9A 00 AB 58 7C 60 57 AB 01 BB AE 01 BF AE 01 C3 AC 01 C8 AB 01 CD AC 01 D3 AC 01 D8 AE 01 E0 AF 01 E6 B1 01 E2 8A 00 00 
AB 01 FF 00 00 00 00 00 00 16 2D
[2026-08-20 16:42:55.108]# RECV HEX/69 <<<
AA 00 3C 13 61 AD 00 34 9A 00 AB 60 F0 69 65 00 00 00 00 00 00 00 00 00 00 00 00 00 00 00 00 00 00 00 00 00 00 00 00 00 00 00 00 00 00 00 00 00 00 00 00 00 00 00 00 00 00 00 00 00 05 9E AA 00 39 13 61 AD 00
[2026-08-20 16:42:55.118]# RECV HEX/78 <<<
31 9A 00 AB 69 FE 71 DB 00 00 00 00 00 00 00 00 00 00 00 00 00 00 00 00 00 00 00 00 00 00 00 00 00 00 00 00 00 00 00 00 00 00 00 00 00 00 00 00 00 00 06 2D AA 00 3C 13 61 AD 00 34 9C 00 AB 72 75 7B 02 A5 00 00 7A 00 00 57 00 00 00 00
[2026-08-20 16:42:55.129]# RECV HEX/87 <<<
00 00 00 00 77 00 00 00 00 00 54 03 66 00 00 00 AA 00 00 A8 00 00 B3 00 00 B2 09 0D B1 09 4A AC 08 E6 0C FB AA 00 39 13 61 AD 00 31 9B 00 AB 7B 9D 83 82 AE 08 F2 B3 09 AF B4 09 D0 B2 0A 86 B1 00 00 AF 09 5F B0 09 5D B0 09 65 00 00 00 B1 00 
00 B6 09 D1 B3 09 F5
[2026-08-20 16:42:55.139]# RECV HEX/70 <<<
B2 09 EE B2 09 A0 16 6C AA 00 3C 13 61 AD 00 34 9B 00 AB 84 1D 8C 9E AC 09 A8 AF 00 00 B4 0B B4 00 00 00 00 00 00 00 00 00 00 00 00 00 00 00 00 00 00 00 00 00 00 00 00 00 00 00 6D 00 00 72 1D E5 70 1E 39 0B 73
[2026-08-20 16:42:55.150]# RECV HEX/86 <<<
AA 00 39 13 61 AD 00 31 9B 00 AB 00 99 08 81 96 1F 10 69 00 00 5D 25 74 58 26 4E B0 28 C8 B0 00 00 B2 30 E4 B1 31 1F B3 31 2B B4 30 A9 B1 30 35 B3 2F A2 65 00 00 B5 25 9E 13 B7 AA 00 39 13 61 AD 00 31 9B 00 AB 09 1D 11 1D AF 25 90 B1 26 07 
B3 00 00 B2 2E FC
[2026-08-20 16:42:55.160]# RECV HEX/78 <<<
B4 2E CD B3 2E B8 B3 2E A2 B4 2E 98 B5 2E 83 B6 2E 78 B4 2E 8D B1 00 00 B1 05 8A B2 05 94 16 52 AA 00 3C 13 61 AD 00 34 9C 00 AB 11 B9 1A 4B B1 05 AA B1 05 C5 B1 05 DB B1 05 DC B3 05 D1 57 05 CD 00 00 00 00 00 00 00 00 00 00 00 00 00
[2026-08-20 16:42:55.171]# RECV HEX/75 <<<
00 00 00 00 00 00 00 00 00 00 00 00 00 00 0D 61 AA 00 39 13 61 AD 00 31 9C 00 AB 1A E6 22 D6 00 00 00 00 00 00 00 00 00 00 00 00 00 00 00 00 00 00 00 00 00 00 00 00 00 00 00 00 00 00 00 00 00 00 00 00 00 00 00 00 00 00 05 74
[2026-08-20 16:42:55.181]# RECV HEX/71 <<<
AA 00 39 13 61 AD 00 31 9C 00 AB 23 71 2B 65 00 00 00 00 00 00 00 00 00 00 00 00 00 00 00 00 00 00 00 00 00 53 00 00 AD 01 DD AE 00 00 B2 01 CB B0 01 C9 AD 01 CA AF 01 CB 0D 17 AA 00 3C 13 61 AD 00 34 9D 00 AB 2C
[2026-08-20 16:42:55.192]# RECV HEX/98 <<<
01 34 9C AD 01 CC AC 01 C6 AD 01 C7 AD 01 C9 AA 01 D0 74 00 00 61 00 00 00 00 00 00 00 00 58 00 00 B0 03 2B B1 03 22 B0 03 11 AF 00 00 00 00 00 10 28 AA 00 39 13 61 AD 00 31 9C 00 AB 35 37 3D 24 AC 00 00 AE 02 35 AE 00 00 AF 00 00 AD 00 00 
00 00 00 00 00 00 00 00 00 00 00 00 00 00 00 00 00 00
[2026-08-20 16:42:55.202]# RECV HEX/73 <<<
00 00 00 B1 00 00 B0 11 31 09 87 AA 00 3C 13 61 AD 00 34 9B 00 AB 3D BF 46 42 00 00 00 00 00 00 00 00 00 00 00 00 00 00 00 00 00 00 00 00 00 00 00 00 00 00 00 00 00 00 00 00 00 00 00 00 00 00 00 00 00 00 00 00 00 05 05
[2026-08-20 16:42:55.213]# RECV HEX/66 <<<
AA 00 39 13 61 AD 00 31 9B 00 AB 46 DC 4E BD 00 00 00 00 00 00 00 00 00 00 00 00 00 00 00 00 00 00 00 00 00 00 00 00 00 00 00 00 00 00 00 00 00 00 00 00 00 00 00 00 00 00 05 A8 AA 00 3C 13 61 AD 00
[2026-08-20 16:42:55.223]# RECV HEX/87 <<<
34 9A 00 AB 4F 57 57 CE 00 00 00 00 00 00 00 00 00 00 00 00 00 00 00 00 00 00 68 00 00 AB 01 B0 AB 01 B0 96 01 B1 8A 01 B3 7B 01 B5 B1 01 B4 B0 01 B5 AD 01 B8 10 54 AA 00 39 13 61 AD 00 31 9A 00 AB 58 68 60 3D AD 01 BB AC 01 BE AE 01 C2 AC 
01 C7 AB 01 CC AC 01
[2026-08-20 16:42:55.234]# RECV HEX/78 <<<
D1 AC 01 D7 AE 01 DE B1 01 E4 B1 01 E7 51 00 00 AE 01 FD 56 00 00 00 00 00 16 19 AA 00 3C 13 61 AD 00 34 9A 00 AB 60 D6 69 4D 00 00 00 00 00 00 00 00 00 00 00 00 00 00 00 00 00 00 00 00 00 00 00 00 00 00 00 00 00 00 00 00 00 00 00 00
[2026-08-20 16:42:55.234]# RECV HEX/11 <<<
00 00 00 00 00 00 00 00 00 05 6C
[2026-08-20 16:42:55.244]# RECV HEX/59 <<<
AA 00 39 13 61 AD 00 31 9A 00 AB 69 E7 71 BE 00 00 00 00 00 00 00 00 00 00 00 00 00 00 00 00 00 00 00 00 00 00 00 00 00 00 00 00 00 00 00 00 00 00 00 00 00 00 00 00 00 00 05 F9
[2026-08-20 16:42:55.255]# RECV HEX/89 <<<
AA 00 3C 13 61 AD 00 34 9C 00 AB 72 57 7A E1 59 00 00 99 00 00 5B 00 00 52 00 00 00 00 00 00 00 00 66 00 00 71 00 00 00 00 00 B2 00 00 B3 0B 79 AD 00 00 B3 08 CD AE 09 4A AF 08 ED 0E DF AA 00 39 13 61 AD 00 31 9C 00 AB 7B 7B 83 60 B1 08 E8 
AF 00 00 B2 09 D2 B2 0A 51
[2026-08-20 16:42:55.255]# RECV HEX/1 <<<
B1
[2026-08-20 16:42:55.265]# RECV HEX/77 <<<
09 CE B1 09 78 AF 09 5A B0 09 63 B3 09 79 B4 09 C1 B4 09 AF B2 0A 03 B0 09 F3 AE 09 ED 17 55 AA 00 3C 13 61 AD 00 34 9B 00 AB 83 FA 8C 7A B3 09 8C AE 00 00 00 00 00 B1 00 00 00 00 00 00 00 00 00 00 00 00 00 00 00 00 00 00 00 00 00
[2026-08-20 16:42:55.276]# RECV HEX/75 <<<
00 00 4F 00 00 72 00 00 50 1F 5A B3 1E 39 0B 3F AA 00 39 13 61 AD 00 31 9B 00 AB 00 74 08 5D 5E 1E B3 62 00 00 61 25 67 61 25 C0 B1 28 88 85 00 00 B2 31 73 B0 30 C1 B2 31 67 B1 00 00 B0 30 35 B6 2F DA 00 00 00 A7 00 00 12 6B
[2026-08-20 16:42:55.286]# RECV HEX/71 <<<
AA 00 39 13 61 AD 00 31 9D 00 AB 08 F8 11 94 AC 00 00 B4 25 90 B5 00 00 B4 2F 1D B3 2E E6 B3 2E C2 B3 2E AD B3 2E 83 B2 2E 98 B4 2E 83 B2 2E AD B1 00 00 B0 05 87 B2 05 8E 16 E4 AA 00 3C 13 61 AD 00 34 9C 00 AB 12
[2026-08-20 16:42:55.297]# RECV HEX/86 <<<
30 1A 28 AE 05 A0 B2 05 BC B3 05 D4 AF 05 DD B0 05 D1 AF 05 C9 00 00 00 00 00 00 00 00 00 00 00 00 00 00 00 00 00 00 00 00 00 00 00 00 00 00 00 0C EC AA 00 39 13 61 AD 00 31 9C 00 AB 1A C4 22 B6 00 00 00 00 00 00 00 00 00 00 00 00 00 00 00 
00 00 00 00 00 00
[2026-08-20 16:42:55.297]# RECV HEX/11 <<<
00 00 00 00 00 00 00 00 00 00 00
[2026-08-20 16:42:55.307]# RECV HEX/74 <<<
00 00 00 00 00 00 00 00 00 00 05 32 AA 00 3C 13 61 AD 00 34 9C 00 AB 23 51 2B E0 00 00 00 00 00 00 00 00 00 00 00 00 00 00 00 00 00 00 00 00 00 48 00 00 AD 01 DE AF 00 00 B1 01 CC B0 01 C9 B1 01 CA B0 01 CB AF 01 CE 0E F2
[2026-08-20 16:42:55.318]# RECV HEX/59 <<<
AA 00 39 13 61 AD 00 31 9D 00 AB 2C 7D 34 7D AB 01 C8 AC 01 C7 AD 01 CA AD 01 D0 9B 01 DB 9C 00 00 00 00 00 00 00 00 50 00 00 B0 03 31 AE 03 2A B2 00 00 B2 03 0A B2 00 00 10 FA
[2026-08-20 16:42:55.328]# RECV HEX/91 <<<
AA 00 39 13 61 AD 00 31 9C 00 AB 35 18 3D 04 AE 00 00 00 00 00 00 00 00 9E 00 00 89 00 00 00 00 00 00 00 00 00 00 00 00 00 00 00 00 00 00 00 00 00 00 00 B3 00 00 B1 11 67 07 BB AA 00 3C 13 61 AD 00 34 9B 00 AB 3D 9F 46 22 4E 10 8A 00 00 00 
00 00 00 00 00 00 00 00 00 00 00
[2026-08-20 16:42:55.338]# RECV HEX/85 <<<
00 00 00 00 00 00 00 00 00 00 00 00 00 00 00 00 00 00 00 00 00 00 00 00 00 00 00 00 05 AD AA 00 39 13 61 AD 00 31 9B 00 AB 46 BC 4E 9C 00 00 00 00 00 00 00 00 00 00 00 00 00 00 00 00 00 00 00 00 00 00 00 00 00 00 00 00 00 00 00 00 00 00 00 
00 00 00 00 00
[2026-08-20 16:42:55.349]# RECV HEX/66 <<<
00 00 05 67 AA 00 3C 13 61 AD 00 34 9A 00 AB 4F 36 57 AE 00 00 00 00 00 00 00 00 00 00 00 00 00 00 00 00 00 00 54 00 00 AB 01 AF AA 01 B0 A6 01 B1 7E 01 B3 82 01 B4 AD 01 B3 AE 01 B5 AB 01 B7 0F FD
[2026-08-20 16:42:55.359]# RECV HEX/75 <<<
AA 00 39 13 61 AD 00 31 9A 00 AB 58 47 60 1E AE 01 BA AD 01 BD AE 01 C2 AD 01 C6 AC 01 CB AC 01 D1 AD 01 D6 AD 01 DD AF 01 E4 B1 01 E9 5F 00 00 AE 00 00 8D 02 06 00 00 00 15 26 AA 00 3C 13 61 AD 00 34 9A 00 AB 60 B7 69 2A 00
[2026-08-20 16:42:55.370]# RECV HEX/92 <<<
00 00 00 00 00 00 00 00 00 00 00 00 00 00 00 00 00 00 00 00 00 00 00 00 00 00 00 00 00 00 00 00 00 00 00 00 00 00 00 00 00 00 00 00 05 2A AA 00 3C 13 61 AD 00 34 9A 00 AB 69 C3 72 35 00 00 00 00 00 00 00 00 00 00 00 00 00 00 00 00 00 00 00 
00 00 00 00 00 00 00 00 00 00 00 00
[2026-08-20 16:42:55.380]# RECV HEX/75 <<<
00 00 00 00 00 00 00 00 00 00 00 00 00 00 05 53 AA 00 39 13 61 AD 00 31 9B 00 AB 72 D0 7A B9 97 00 00 5E 00 00 52 00 00 00 00 00 00 00 00 78 00 00 69 00 00 00 00 00 00 00 00 B0 00 00 A8 00 00 B2 00 00 B3 09 40 B2 09 37 0C 10
[2026-08-20 16:42:55.391]# RECV HEX/73 <<<
AA 00 3C 13 61 AD 00 34 9B 00 AB 7B 54 83 CE AD 08 E5 B3 09 23 B4 09 D1 AE 09 E3 B1 0A 0E B0 09 8A AE 09 57 B0 09 62 B2 09 6C 00 00 00 B6 00 00 AF 09 F5 B3 09 F6 B0 09 F1 B2 09 84 17 9C AA 00 39 13 61 AD 00 31 9B 00 AB
[2026-08-20 16:42:55.401]# RECV HEX/78 <<<
84 68 8C 4A 00 00 00 00 00 00 B4 00 00 B3 00 00 00 00 00 00 00 00 00 00 00 00 00 00 00 00 00 00 00 00 B3 00 00 4D 00 00 67 1D CF AA 1E 1A 09 D9 AA 00 3C 13 61 AD 00 34 9B 00 AB 00 45 08 C5 5D 1E 97 51 00 00 62 25 52 64 25 89 46 27 0C
[2026-08-20 16:42:55.412]# RECV HEX/91 <<<
00 00 00 B1 00 00 B0 30 FB B2 31 7F B5 30 D8 B4 30 86 B3 30 07 B3 2F 75 9F 00 00 B4 25 A5 13 CD AA 00 39 13 61 AD 00 31 9D 00 AB 09 62 11 60 AF 25 A5 B2 00 00 B5 2F 33 B1 2E E6 B4 2E CD B3 2E B8 B1 2E A2 B3 2E 78 B5 2E 63 B4 2E 8D 00 00 00 
AF 00 00 B1 05 89 B2 05 97 15 73
[2026-08-20 16:42:55.422]# RECV HEX/59 <<<
AA 00 39 13 61 AD 00 31 9C 00 AB 11 FC 19 EF AE 05 AF B0 05 CA B0 05 DB B2 05 D6 B1 05 C8 83 05 C1 00 00 00 00 00 00 00 00 00 00 00 00 00 00 00 00 00 00 00 00 00 00 00 00 0E 56
[2026-08-20 16:42:55.433]# RECV HEX/81 <<<
AA 00 3C 13 61 AD 00 34 9C 00 AB 1A 8A 23 1F 00 00 00 00 00 00 00 00 00 00 00 00 00 00 00 00 00 00 00 00 00 00 00 00 00 00 00 00 00 00 00 00 00 00 00 00 00 00 00 00 00 00 00 00 00 04 68 AA 00 39 13 61 AD 00 31 9C 00 AB 23 BB 2B AE 00 00 00 
00
[2026-08-20 16:42:55.443]# RECV HEX/96 <<<
00 00 00 00 00 00 00 00 00 00 00 00 00 00 00 00 00 AB 00 00 AD 01 D8 AE 01 CE B1 01 CB B0 01 CB AE 01 CC B0 01 CE 0E D4 AA 00 39 13 61 AD 00 31 9D 00 AB 2C 4A 34 4A AC 01 CB AC 01 C8 AE 01 CA AD 01 CE AC 01 D6 7C 00 00 00 00 00 00 00 00 00 
00 00 AC 00 00 B3 03 31 AD 00 00 AF 00 00 B0 01
[2026-08-20 16:42:55.454]# RECV HEX/65 <<<
C6 10 B8 AA 00 3C 13 61 AD 00 34 9C 00 AB 34 E7 3D 74 AC 01 CD 99 00 00 A2 00 00 AA 00 00 52 00 00 00 00 00 00 00 00 00 00 00 00 00 00 00 00 00 00 00 00 00 00 00 B1 00 00 B3 00 00 7C 10 D0 0B BF
[2026-08-20 16:42:55.464]# RECV HEX/74 <<<
AA 00 39 13 61 AD 00 31 9B 00 AB 3E 0F 45 F4 00 00 00 00 00 00 00 00 00 00 00 00 00 00 00 00 00 00 00 00 00 00 00 00 00 00 00 00 00 00 00 00 00 00 00 00 00 00 00 00 00 00 05 01 AA 00 3C 13 61 AD 00 34 9B 00 AB 46 8E 4F 0C
[2026-08-20 16:42:55.475]# RECV HEX/98 <<<
00 00 00 00 00 00 00 00 00 00 00 00 00 00 00 00 00 00 00 00 00 00 00 00 00 00 00 00 00 00 00 00 00 00 00 00 00 00 00 00 00 00 00 00 00 04 B0 AA 00 39 13 61 AD 00 31 9A 00 AB 4F A6 57 82 00 00 00 00 00 00 00 00 00 00 00 00 00 00 00 4D 00 00 
AA 01 AD AE 01 B0 AB 01 B0 8A 01 B2 7D 01 B3 99 01 B3
[2026-08-20 16:42:55.486]# RECV HEX/70 <<<
B0 01 B5 AE 01 B6 10 2E AA 00 3C 13 61 AD 00 34 9A 00 AB 58 1B 60 8C AC 01 B9 AB 01 BC AF 01 C0 AC 01 C5 AC 01 CA AB 01 D0 AE 01 D5 AD 01 DB AF 01 E2 AC 01 E9 AF 00 00 A6 00 00 A7 02 04 00 00 00 00 00 00 15 B9
[2026-08-20 16:42:55.496]# RECV HEX/70 <<<
AA 00 39 13 61 AD 00 31 9A 00 AB 61 26 68 FD 00 00 00 00 00 00 00 00 00 00 00 00 00 00 00 00 00 00 00 00 00 00 00 00 00 00 00 00 00 00 00 00 00 00 00 00 00 00 00 00 00 00 05 66 AA 00 3C 13 61 AD 00 34 9A 00 AB
[2026-08-20 16:42:55.507]# RECV HEX/92 <<<
69 96 72 0A 00 00 00 00 00 00 00 00 00 00 00 00 00 00 00 00 00 00 00 00 00 00 00 00 00 00 00 00 00 00 00 00 00 00 00 00 00 00 00 00 00 00 00 00 00 04 FB AA 00 39 13 61 AD 00 31 9B 00 AB 72 A4 7A 8E 9E 00 00 67 00 00 6C 00 00 00 00 00 00 00 
00 87 00 00 5A 00 00 00 00 00 00 00
[2026-08-20 16:42:55.507]# RECV HEX/5 <<<
00 B0 00 00 74
[2026-08-20 16:42:55.517]# RECV HEX/75 <<<
00 00 B1 00 00 B2 09 3C AE 09 4F 0B BD AA 00 3C 13 61 AD 00 34 9B 00 AB 7B 29 83 A8 B2 08 E1 B0 08 FE B3 00 00 AF 09 D5 B2 0A 67 AE 00 00 B0 09 56 B1 09 62 B1 09 68 B1 09 B9 B2 09 B4 B2 09 CB B3 0A 08 B1 09 FC B2 09 7A 18 17
[2026-08-20 16:42:55.528]# RECV HEX/65 <<<
AA 00 39 13 61 AD 00 31 9B 00 AB 84 42 8C 24 B3 09 C0 8F 00 00 B3 0B 85 B0 00 00 00 00 00 B1 00 00 B2 00 00 B1 10 29 B2 10 91 B2 11 03 B3 11 47 00 00 00 67 00 00 70 1E 0D 0F 62 AA 00 3C 13 61 AD
[2026-08-20 16:42:55.539]# RECV HEX/86 <<<
00 34 9B 00 AB 00 1E 08 A0 62 1E 97 00 00 00 6A 00 00 5F 25 B2 48 26 6B B2 29 33 B1 00 00 B2 31 97 B3 31 67 B4 31 13 B3 30 86 AF 30 13 B3 2F 97 7C 00 00 AD 25 90 13 05 AA 00 39 13 61 AD 00 31 9D 00 AB 09 3B 11 37 B6 25 A5 B3 26 63 B4 00 00 
B4 2F 07 B2 2E E6
[2026-08-20 16:42:55.549]# RECV HEX/88 <<<
B4 2E B8 B2 2E C2 B4 2E B8 B4 2E AD B5 2E 83 B2 2E 78 B4 00 00 B3 05 83 B0 05 8E 16 7E AA 00 39 13 61 AD 00 31 9C 00 AB 11 D3 19 C4 AF 05 A3 B1 05 BE B2 05 D5 B3 05 D7 B1 05 C7 B2 05 BD 00 00 00 00 00 00 00 00 00 00 00 00 00 00 00 00 00 00 
00 00 00 00 00 00 0E 14
[2026-08-20 16:42:55.560]# RECV HEX/62 <<<
AA 00 3C 13 61 AD 00 34 9C 00 AB 1A 5F 22 F0 00 00 00 00 00 00 00 00 00 00 00 00 00 00 00 00 00 00 00 00 00 00 00 00 00 00 00 00 00 00 00 00 00 00 00 00 00 00 00 00 00 00 00 00 00 05 0D
[2026-08-20 16:42:55.570]# RECV HEX/85 <<<
AA 00 39 13 61 AD 00 31 9C 00 AB 23 8C 2B 80 00 00 00 00 00 00 00 00 00 00 00 00 00 00 00 00 00 00 00 00 00 4E 00 00 AD 01 DF AF 00 00 B0 01 CC B2 01 CB AF 01 CC AE 01 CE 0D 54 AA 00 3C 13 61 AD 00 34 9D 00 AB 2C 1C 34 B7 AD 01 CE AC 01 C8 
AE 01 C9 AC 01
[2026-08-20 16:42:55.580]# RECV HEX/87 <<<
CD AB 01 D4 50 00 00 00 00 00 00 00 00 00 00 00 72 00 00 00 00 00 AD 00 00 AF 01 C9 A5 01 D2 88 00 00 11 01 AA 00 39 13 61 AD 00 31 9C 00 AB 35 52 3D 47 AC 00 00 9A 00 00 92 00 00 7A 00 00 00 00 00 00 00 00 00 00 00 00 00 00 00 00 00 00 00 
00 00 00 00 B2 00 00
[2026-08-20 16:42:55.591]# RECV HEX/67 <<<
6E 11 C7 A9 11 11 09 9C AA 00 39 13 61 AD 00 31 9B 00 AB 3D E2 45 CD 00 00 00 00 00 00 00 00 00 00 00 00 00 00 00 00 00 00 00 00 00 00 00 00 00 00 00 00 00 00 00 00 00 00 00 00 00 00 00 00 00 00 05 AC
[2026-08-20 16:42:55.601]# RECV HEX/77 <<<
AA 00 3C 13 61 AD 00 34 9B 00 AB 46 67 4E EA 00 00 00 00 00 00 00 00 00 00 00 00 00 00 00 00 00 00 00 00 00 00 00 00 00 00 00 00 00 00 00 00 00 00 00 00 00 00 00 00 00 00 00 00 00 05 66 AA 00 39 13 61 AD 00 31 9B 00 AB 4F 84 57 65
[2026-08-20 16:42:55.612]# RECV HEX/80 <<<
00 00 00 00 00 00 00 00 00 00 00 00 00 00 00 00 00 00 91 00 00 AC 01 B0 A8 01 B0 8C 01 B1 82 01 B3 83 01 B4 B1 01 B4 AD 01 B6 0E C7 AA 00 3C 13 61 AD 00 34 9A 00 AB 57 FF 60 73 AD 01 B9 AC 01 BC AE 01 C0 AC 01 C4 AC 01 C8 AB 01 CE AC 01 D4
[2026-08-20 16:42:55.612]# RECV HEX/11 <<<
AC 01 D9 AE 01 E1 AD 01 E7 B4 01
[2026-08-20 16:42:55.622]# RECV HEX/74 <<<
DD 9A 00 00 AB 02 00 00 00 00 00 00 00 17 4D AA 00 39 13 61 AD 00 31 9A 00 AB 61 0D 68 E9 00 00 00 00 00 00 00 00 00 00 00 00 00 00 00 00 00 00 00 00 00 00 00 00 00 00 00 00 00 00 00 00 00 00 00 00 00 00 00 00 00 00 05 39
[2026-08-20 16:42:55.633]# RECV HEX/72 <<<
AA 00 3C 13 61 AD 00 34 9A 00 AB 69 83 71 F7 00 00 00 00 00 00 00 00 00 00 00 00 00 00 00 00 00 00 00 00 00 00 00 00 00 00 00 00 00 00 00 00 00 00 00 00 00 00 00 00 00 00 00 00 00 05 D4 AA 00 39 13 61 AD 00 31 9C 00
[2026-08-20 16:42:55.643]# RECV HEX/79 <<<
AB 72 91 7A 7E AC 00 00 76 00 00 6A 00 00 00 00 00 00 00 00 87 00 00 00 00 00 50 03 68 00 00 00 AD 00 00 AC 00 00 B4 00 00 B1 09 25 B3 09 4A 0C 37 AA 00 3C 13 61 AD 00 34 9B 00 AB 7B 19 83 95 B3 08 E5 B1 08 F4 B4 00 00 AF 09 D2 B2 0A 81
[2026-08-20 16:42:55.654]# RECV HEX/86 <<<
AE 00 00 B0 09 5A AF 09 5D B0 09 65 00 00 00 B0 00 00 B6 09 C9 B1 09 F8 B1 09 F4 B2 09 87 16 C3 AA 00 39 13 61 AD 00 31 9B 00 AB 84 2F 8C 11 AF 09 B8 A6 00 00 B1 0B 94 B2 00 00 00 00 00 00 00 00 00 00 00 00 00 00 00 00 00 00 00 00 00 00 00 
00 00 00 6C 00 00
[2026-08-20 16:42:55.654]# RECV HEX/5 <<<
70 1D CF 0A AB
[2026-08-20 16:42:55.664]# RECV HEX/62 <<<
AA 00 3C 13 61 AD 00 34 9B 00 AB 00 0B 08 8D 69 1E 4F 7B 1F 3F 69 00 00 5E 25 97 52 26 88 B3 29 12 AD 00 00 B2 31 13 B1 30 FB B3 31 13 B5 30 9D B6 30 13 B6 2F AD 57 00 00 AD 25 97 13 84
[2026-08-20 16:42:55.675]# RECV HEX/84 <<<
AA 00 39 13 61 AD 00 31 9D 00 AB 09 29 11 27 B5 25 90 B2 26 00 B4 00 00 B4 2E D8 B4 2E F1 B4 2E AD B3 2E AD B3 2E AD B5 2E 78 B3 2E 6D B2 2E 83 B0 00 00 B3 05 7E AE 05 86 16 40 AA 00 3C 13 61 AD 00 34 9C 00 AB 11 C3 1A 52 B1 05 98 B2 05 B4 
B2 05 CD B0
[2026-08-20 16:42:55.675]# RECV HEX/1 <<<
05
[2026-08-20 16:42:55.686]# RECV HEX/87 <<<
D5 B1 05 C7 B0 05 B5 B0 05 A8 00 00 00 00 00 00 00 00 00 00 00 00 00 00 00 00 00 00 00 00 00 00 00 00 0E CD AA 00 39 13 61 AD 00 31 9C 00 AB 1A ED 22 DD 00 00 00 00 00 00 00 00 00 00 00 00 00 00 00 00 00 00 00 00 00 00 00 00 00 00 00 00 00 
00 00 00 00 00 00 00
[2026-08-20 16:42:55.686]# RECV HEX/6 <<<
00 00 00 00 00 00
[2026-08-20 16:42:55.686]# RECV HEX/2 <<<
05 82
[2026-08-20 16:42:55.696]# RECV HEX/59 <<<
AA 00 39 13 61 AD 00 31 9C 00 AB 23 78 2B 6B 00 00 00 00 00 00 00 00 00 00 00 00 00 00 00 00 00 00 00 00 00 00 00 00 A1 00 00 AD 01 D9 B2 01 D0 AF 01 CC B0 01 CD AC 01 CE 0C CD
[2026-08-20 16:42:55.707]# RECV HEX/90 <<<
AA 00 3C 13 61 AD 00 34 9D 00 AB 2C 06 34 A2 AB 01 D1 AD 01 CA AF 01 CA AC 01 CD AC 01 D3 9A 00 00 8C 00 00 00 00 00 00 00 00 B0 01 C2 B2 01 C4 B1 01 C8 AC 01 D3 AD 00 00 AD 00 00 14 58 AA 00 39 13 61 AD 00 31 9C 00 AB 35 3D 3D 29 A9 00 00 
A0 00 00 8A 00 00 98 00 00 00
[2026-08-20 16:42:55.717]# RECV HEX/77 <<<
00 00 00 00 00 00 00 00 00 00 00 00 00 00 00 00 00 00 00 00 B2 00 00 B3 12 1C B3 11 46 09 5C AA 00 3C 13 61 AD 00 34 9B 00 AB 3D C4 46 4A 59 10 5A 00 00 00 00 00 00 00 00 00 00 00 00 00 00 00 00 00 00 00 00 00 00 00 00 00 00 00 00
[2026-08-20 16:42:55.727]# RECV HEX/75 <<<
00 00 00 00 00 00 00 00 00 00 00 00 00 00 05 D5 AA 00 39 13 61 AD 00 31 9B 00 AB 46 E4 4E C5 00 00 00 00 00 00 00 00 00 00 00 00 00 00 00 00 00 00 00 00 00 00 00 00 00 00 00 00 00 00 00 00 00 00 00 00 00 00 00 00 00 00 05 B8
[2026-08-20 16:42:55.738]# RECV HEX/74 <<<
AA 00 3C 13 61 AD 00 34 9B 00 AB 4F 5F 57 DA 00 00 00 00 00 00 00 00 00 00 00 00 00 00 00 00 00 00 71 00 00 AB 01 B0 AC 01 B0 8F 01 B1 85 01 B3 76 01 B4 AF 01 B4 AE 01 B5 AE 01 B8 10 5E AA 00 39 13 61 AD 00 31 9A 00 AB 58
[2026-08-20 16:42:55.749]# RECV HEX/78 <<<
74 60 4E AD 01 BB AE 01 BF AC 01 C3 AC 01 C8 AB 01 CD AC 01 D3 AE 01 D8 AF 01 DF AD 01 E7 B0 01 E8 64 00 00 AC 02 00 00 00 00 00 00 00 14 FF AA 00 3C 13 61 AD 00 34 9A 00 AB 60 E7 69 5D 00 00 00 00 00 00 00 00 00 00 00 00 00 00 00 00
[2026-08-20 16:42:55.749]# RECV HEX/11 <<<
00 00 00 00 00 00 00 00 00 00 00
[2026-08-20 16:42:55.760]# RECV HEX/79 <<<
00 00 00 00 00 00 00 00 00 00 00 00 00 00 00 00 00 00 05 8D AA 00 39 13 61 AD 00 31 9A 00 AB 69 F7 71 D2 00 00 00 00 00 00 00 00 00 00 00 00 00 00 00 00 00 00 00 00 00 00 00 00 00 00 00 00 00 00 00 00 00 00 00 00 00 00 00 00 00 00 06 1D
[2026-08-20 16:42:55.770]# RECV HEX/70 <<<
AA 00 3C 13 61 AD 00 34 9C 00 AB 72 6C 7A F4 7F 00 00 73 00 00 00 00 00 00 00 00 00 00 00 51 00 00 48 05 19 58 00 00 00 00 00 B1 00 00 00 00 00 AE 00 00 B2 08 E5 B0 09 4B B1 08 E8 0D 72 AA 00 39 13 61 AD 00 31
[2026-08-20 16:42:55.781]# RECV HEX/76 <<<
9B 00 AB 7B 8F 83 73 B1 08 E8 B0 09 AD B1 09 D0 B2 0A 78 B2 09 C4 B0 09 6B B0 09 5C B0 09 64 B0 09 82 B4 09 BD B3 09 C8 B1 0A 0B B1 09 ED B1 09 EB 18 60 AA 00 3C 13 61 AD 00 34 9B 00 AB 84 0E 8C 8D B2 09 9B AF 00 00 B3 0C 0E 84
[2026-08-20 16:42:55.791]# RECV HEX/96 <<<
0B DE 00 00 00 B3 00 00 00 00 00 B4 00 00 AF 10 6E 00 00 00 B2 00 00 3A 00 00 6C 00 00 5F 1E C1 63 1E 42 0F 58 AA 00 39 13 61 AD 00 31 9B 00 AB 00 88 08 6C 72 1F 07 64 00 00 00 00 00 68 00 00 B3 28 E9 AE 00 00 B1 30 CC B1 30 FB B3 31 4F B6 
30 A9 B4 30 4C B1 2F C3 6A 00 00 B6 25 C0 13 70
[2026-08-20 16:42:55.802]# RECV HEX/59 <<<
AA 00 39 13 61 AD 00 31 9D 00 AB 09 07 11 07 B3 25 89 B6 25 B2 B4 00 00 B4 2F 33 B3 2F 12 B3 2E C2 B2 2E B8 B3 2E 98 B3 2E 4E B4 2E 8D B3 2E 98 B0 00 00 B0 05 7B B4 05 80 15 35
[2026-08-20 16:42:55.812]# RECV HEX/89 <<<
AA 00 3C 13 61 AD 00 34 9C 00 AB 11 A4 1A 33 B0 05 91 B0 05 A9 B0 05 C5 B4 05 D4 B1 05 CD B0 05 B8 B2 05 A4 96 05 8E 00 00 00 00 00 00 00 00 00 00 00 00 00 00 00 00 00 00 00 00 00 0F A3 AA 00 39 13 61 AD 00 31 9C 00 AB 1A CE 22 BF 00 00 00 
00 00 00 00 00 00 00 00 00
[2026-08-20 16:42:55.822]# RECV HEX/77 <<<
00 00 00 00 00 00 00 00 00 00 00 00 00 00 00 00 00 00 00 00 00 00 00 00 00 00 00 00 00 00 05 45 AA 00 3C 13 61 AD 00 34 9C 00 AB 23 5B 2B ED 00 00 00 00 00 00 00 00 00 00 00 00 00 00 00 00 00 00 00 00 00 00 00 00 00 00 00 B0 00 00
[2026-08-20 16:42:55.833]# RECV HEX/76 <<<
B1 00 00 AD 01 D1 AF 01 D0 AF 01 D1 AE 01 D3 0C 7B AA 00 39 13 61 AD 00 31 9D 00 AB 2C 89 34 86 AB 01 CE AD 01 CC AF 01 CE AD 01 D3 AC 01 DB 9F 00 00 00 00 00 00 00 00 AE 00 00 B0 01 C2 AF 01 C7 AC 01 CF B0 00 00 AE 00 00 13 78
[2026-08-20 16:42:55.843]# RECV HEX/71 <<<
AA 00 39 13 61 AD 00 31 9C 00 AB 35 21 3D 0E AC 00 00 9E 00 00 7F 00 00 8B 00 00 55 00 00 00 00 00 00 00 00 00 00 00 00 00 00 00 00 00 00 00 00 B3 00 00 B4 12 3F B3 11 5E 09 A0 AA 00 3C 13 61 AD 00 34 9B 00 AB 3D
[2026-08-20 16:42:55.853]# RECV HEX/85 <<<
A9 46 2B 00 00 00 00 00 00 00 00 00 00 00 00 00 00 00 00 00 00 00 00 00 00 00 00 00 00 00 00 00 00 00 00 00 00 00 00 00 00 00 00 00 00 00 00 00 04 D8 AA 00 39 13 61 AD 00 31 9B 00 AB 46 C5 4E A6 00 00 00 00 00 00 00 00 00 00 00 00 00 00 00 
00 00 00 00 00
[2026-08-20 16:42:55.864]# RECV HEX/78 <<<
00 00 00 00 00 00 00 00 00 00 00 00 00 00 00 00 00 00 00 00 00 00 05 7A AA 00 3C 13 61 AD 00 34 9A 00 AB 4F 40 57 B8 00 00 00 00 00 00 00 00 00 00 00 00 00 00 00 00 00 00 56 00 00 AB 01 B0 AA 01 B0 A3 01 B1 7D 01 B3 7D 01 B4 AF 01 B3
[2026-08-20 16:42:55.864]# RECV HEX/8 <<<
AF 01 B5 AB 01 B7 10 0E
[2026-08-20 16:42:55.874]# RECV HEX/59 <<<
AA 00 39 13 61 AD 00 31 9A 00 AB 58 51 60 2A AD 01 BA AD 01 BE AD 01 C2 AC 01 C6 AC 01 CB AC 01 D1 AC 01 D7 AF 01 DD AF 01 E5 B1 01 E9 55 01 DE AB 00 00 85 02 06 00 00 00 16 07
[2026-08-20 16:42:55.885]# RECV HEX/76 <<<
AA 00 3C 13 61 AD 00 34 9A 00 AB 60 C3 69 3A 00 00 00 00 00 00 00 00 00 00 00 00 00 00 00 00 00 00 00 00 00 00 00 00 00 00 00 00 00 00 00 00 00 00 00 00 00 00 00 00 00 00 00 00 00 05 46 AA 00 39 13 61 AD 00 31 9A 00 AB 69 D3 71
[2026-08-20 16:42:55.895]# RECV HEX/83 <<<
AE 00 00 00 00 00 00 00 00 00 00 00 00 00 00 00 00 00 00 00 00 00 00 00 00 00 00 00 00 00 00 00 00 00 00 00 00 00 00 00 00 00 00 05 D5 AA 00 3C 13 61 AD 00 34 9C 00 AB 72 47 7A D3 00 00 00 90 00 00 5B 00 00 4C 00 00 00 00 00 00 00 00 88 00 
00 6C 00
[2026-08-20 16:42:55.895]# RECV HEX/13 <<<
00 00 00 00 B0 00 00 B2 0B 62 72 00 00
[2026-08-20 16:42:55.905]# RECV HEX/70 <<<
B4 08 CB B3 09 45 B2 09 0C 0D 43 AA 00 39 13 61 AD 00 31 9C 00 AB 7B 6E 83 53 AE 08 E9 B1 09 A1 B5 09 CF B1 09 F2 AF 09 D8 B2 09 90 B0 09 58 B0 09 63 B1 09 75 B0 09 C9 B4 09 AC AF 0A 04 B2 09 F4 B0 09 EC 18 A1
[2026-08-20 16:42:55.916]# RECV HEX/77 <<<
AA 00 3C 13 61 AD 00 34 9B 00 AB 83 ED 8C 72 B2 09 88 B1 00 00 00 00 00 B1 00 00 00 00 00 00 00 00 00 00 00 00 00 00 00 00 00 00 00 00 00 00 00 00 00 00 76 00 00 52 1F 2C A5 1E 46 0A B0 AA 00 39 13 61 AD 00 31 9B 00 AB 00 6D 08 54
[2026-08-20 16:42:55.927]# RECV HEX/77 <<<
64 1E D3 5B 00 00 63 25 60 63 25 E3 AA 28 6F 56 00 00 B2 31 C8 B0 30 C1 B2 31 43 B4 30 D8 B4 30 58 B6 2F E5 00 00 00 A7 00 00 13 B9 AA 00 3C 13 61 AD 00 34 9D 00 AB 08 EF 11 8E B3 00 00 B2 25 89 B4 00 00 B3 2F 5F B4 2E F1 B6 2E D8
[2026-08-20 16:42:55.937]# RECV HEX/88 <<<
B4 2E A2 B3 2E 83 B4 2E 6D B3 2E 6D B6 2E 78 00 00 00 B3 00 00 B2 05 80 AF 05 8D 16 BC AA 00 39 13 61 AD 00 31 9C 00 AB 12 2A 1A 1F B1 05 A4 B3 05 C1 B2 05 D2 B2 05 D1 B1 05 BC B2 05 A8 AD 05 92 00 00 00 00 00 00 00 00 00 00 00 00 00 00 00 
00 00 00 00 00 00 0D EA
[2026-08-20 16:42:55.947]# RECV HEX/59 <<<
AA 00 39 13 61 AD 00 31 9C 00 AB 1A BB 22 AD 00 00 00 00 00 00 00 00 00 00 00 00 00 00 00 00 00 00 00 00 00 00 00 00 00 00 00 00 00 00 00 00 00 00 00 00 00 00 00 00 00 00 05 20
[2026-08-20 16:42:55.958]# RECV HEX/98 <<<
AA 00 3C 13 61 AD 00 34 9C 00 AB 23 48 2B DA 00 00 00 00 00 00 00 00 00 00 00 00 00 00 00 00 00 00 00 00 00 00 00 00 00 00 00 92 00 00 AF 00 00 B0 01 D4 B0 01 D2 B0 01 D3 AF 01 D5 0C 44 AA 00 39 13 61 AD 00 31 9D 00 AB 2C 76 34 73 AC 01 D0 
AD 01 CD AE 01 CE AC 01 D3 AB 01 DA 97 00 00 AA 01 C3
[2026-08-20 16:42:55.969]# RECV HEX/82 <<<
AB 01 C8 99 01 D1 A9 00 00 B3 01 ED B1 01 F9 9D 00 00 00 00 00 15 B7 AA 00 39 13 61 AD 00 31 9D 00 AB 35 0F 3C FE 00 00 00 6A 00 00 AE 02 90 AF 02 94 AC 02 9A 00 00 00 00 00 00 00 00 00 00 00 00 00 00 00 00 00 00 7B 00 00 B4 00 00 B2 11 79 
0B 9D
[2026-08-20 16:42:55.979]# RECV HEX/62 <<<
AA 00 3C 13 61 AD 00 34 9B 00 AB 3D 99 46 1C 78 10 91 00 00 00 00 00 00 00 00 00 00 00 00 00 00 00 00 00 00 00 00 00 00 00 00 00 00 00 00 00 00 00 00 00 00 00 00 00 00 00 00 00 00 05 D2
[2026-08-20 16:42:55.990]# RECV HEX/90 <<<
AA 00 39 13 61 AD 00 31 9B 00 AB 46 B7 4E 99 00 00 00 00 00 00 00 00 00 00 00 00 00 00 00 00 00 00 00 00 00 00 00 00 00 00 00 00 00 00 00 00 00 00 00 00 00 00 00 00 00 00 05 5F AA 00 3C 13 61 AD 00 34 9A 00 AB 4F 33 57 A8 00 00 00 00 00 00 
00 00 00 00 00 00 00 00 00 00
[2026-08-20 16:42:56.000]# RECV HEX/81 <<<
00 00 55 00 00 A9 01 AF AA 01 AF A6 01 B0 7E 01 B3 81 01 B4 AC 01 B3 B0 01 B5 AF 01 B7 0F F5 AA 00 39 13 61 AD 00 31 9A 00 AB 58 41 60 16 AD 01 BA AE 01 BD AE 01 C2 AC 01 C6 AD 01 CB AE 01 D1 AB 01 D7 AE 01 DD AF 01 E5 B2 01 EA 6D 00 00 AE 
00
[2026-08-20 16:42:56.011]# RECV HEX/71 <<<
00 96 02 07 00 00 00 15 35 AA 00 3C 13 61 AD 00 34 9A 00 AB 60 AF 69 20 00 00 00 00 00 00 00 00 00 00 00 00 00 00 00 00 00 00 00 00 00 00 00 00 00 00 00 00 00 00 00 00 00 00 00 00 00 00 00 00 00 00 00 00 00 05 18
[2026-08-20 16:42:56.022]# RECV HEX/77 <<<
AA 00 3C 13 61 AD 00 34 9A 00 AB 69 BA 72 2E 00 00 00 00 00 00 00 00 00 00 00 00 00 00 00 00 00 00 00 00 00 00 00 00 00 00 00 00 00 00 00 00 00 00 00 00 00 00 00 00 00 00 00 00 00 05 43 AA 00 39 13 61 AD 00 31 9C 00 AB 72 C9 7A B4
[2026-08-20 16:42:56.022]# RECV HEX/13 <<<
7B 00 00 58 00 00 00 00 00 00 00 00 46
[2026-08-20 16:42:56.032]# RECV HEX/76 <<<
00 00 77 05 5A 63 00 00 00 00 00 00 00 00 B2 00 00 B6 00 00 B5 00 00 B4 09 42 B0 09 3B 0C 47 AA 00 3C 13 61 AD 00 34 9B 00 AB 7B 4F 83 CD B3 08 E3 B1 09 19 B6 09 D0 B1 09 E0 B0 0A 0F B0 09 80 AE 09 57 B0 09 62 B1 09 6D 00 00 00
[2026-08-20 16:42:56.043]# RECV HEX/76 <<<
B3 00 00 AF 09 FF B2 0A 04 B1 09 F5 B2 09 83 16 9E AA 00 39 13 61 AD 00 31 9B 00 AB 84 68 8C 4E 00 00 00 00 00 00 B0 00 00 B3 00 00 B2 0C A0 B3 0C BD B2 00 00 B3 10 42 B1 10 B1 B4 11 20 B2 11 7C 58 00 00 66 1D FF AD 1E 42 11 B2
[2026-08-20 16:42:56.054]# RECV HEX/80 <<<
AA 00 39 13 61 AD 00 31 9B 00 AB 00 49 08 33 61 1E AE 53 00 00 6A 25 7B 61 25 B2 74 28 48 43 00 00 B3 00 00 B3 31 07 B2 31 67 B2 00 00 B2 30 7A B4 30 13 B3 2F 97 A6 00 00 10 F4 AA 00 3C 13 61 AD 00 34 9D 00 AB 08 CD 11 6C AF 00 00 B0 25 90
[2026-08-20 16:42:56.065]# RECV HEX/89 <<<
B6 00 00 B4 2F 3E B1 2E FC B3 2E E6 B1 2E 98 B1 2E A2 B1 2E 6D B4 2E 58 B1 2E 83 B6 2E 58 B2 00 00 AF 05 7E B1 05 8B 17 A3 AA 00 39 13 61 AD 00 31 9D 00 AB 12 08 1A 00 AE 05 A0 B1 05 BC B4 05 D1 B1 05 D4 B1 05 C2 B2 05 AC B1 05 94 52 05 88 
00 00 00 00 00 00 00 00 00
[2026-08-20 16:42:56.065]# RECV HEX/10 <<<
00 00 00 00 00 00 00 00 00 0E
[2026-08-20 16:42:56.075]# RECV HEX/60 <<<
8E AA 00 39 13 61 AD 00 31 9D 00 AB 1A 9C 22 90 00 00 00 00 00 00 00 00 00 00 00 00 00 00 00 00 00 00 00 00 00 00 00 00 00 00 00 00 00 00 00 00 00 00 00 00 00 00 00 00 00 00 04 E5
[2026-08-20 16:42:56.086]# RECV HEX/74 <<<
AA 00 3C 13 61 AD 00 34 9C 00 AB 23 2B 2B BB 00 00 00 00 00 00 00 00 00 00 00 00 00 00 00 00 00 00 00 00 00 00 00 00 00 00 00 00 00 00 B1 00 00 B2 00 00 AF 01 D3 B1 01 D4 B0 01 D6 0A A9 AA 00 39 13 61 AD 00 31 9D 00 AB 2C
[2026-08-20 16:42:56.086]# RECV HEX/11 <<<
57 34 58 AD 01 D3 AC 01 CE AE 01
[2026-08-20 16:42:56.096]# RECV HEX/78 <<<
CE AE 01 D2 AC 01 D7 AA 01 DE AA 00 00 AE 01 C5 AE 01 CC AF 01 D7 B2 00 00 B1 00 00 B0 00 00 AD 00 00 15 73 AA 00 3C 13 61 AD 00 34 9C 00 AB 34 F4 3D 7C A7 00 00 92 00 00 96 00 00 AD 00 00 AF 00 00 00 00 00 00 00 00 00 00 00 00 00 00
[2026-08-20 16:42:56.107]# RECV HEX/79 <<<
00 00 00 00 00 00 94 00 00 B2 12 7C B1 11 AA 64 10 BE 0D 00 AA 00 39 13 61 AD 00 31 9B 00 AB 3E 17 45 FC 00 00 00 00 00 00 00 00 00 00 00 00 00 00 00 00 00 00 00 00 00 00 00 00 00 00 00 00 00 00 00 00 00 00 00 00 00 00 00 00 00 00 05 11
[2026-08-20 16:42:56.117]# RECV HEX/69 <<<
AA 00 3C 13 61 AD 00 34 9B 00 AB 46 96 4F 11 00 00 00 00 00 00 00 00 00 00 00 00 00 00 00 00 00 00 00 00 00 00 00 00 00 00 00 00 00 00 00 00 00 00 00 00 00 00 00 00 00 00 00 00 00 04 BD AA 00 39 13 61 AD 00
[2026-08-20 16:42:56.128]# RECV HEX/78 <<<
31 9A 00 AB 4F AB 57 87 00 00 00 00 00 00 00 00 00 00 00 00 00 00 00 4A 00 00 AA 01 AE AC 01 B0 AB 01 B1 8E 01 B2 82 01 B4 9D 01 B3 B1 01 B5 AF 01 B6 10 45 AA 00 3C 13 61 AD 00 34 9A 00 AB 58 21 60 92 AC 01 B9 AC 01 BC AE 01 C0 AD 01
[2026-08-20 16:42:56.128]# RECV HEX/11 <<<
C5 AD 01 CA AB 01 CF AE 01 D4 AE
[2026-08-20 16:42:56.139]# RECV HEX/84 <<<
01 DB B2 01 E2 B0 01 E8 AF 00 00 A8 00 00 A5 02 03 00 00 00 00 00 00 15 CB AA 00 39 13 61 AD 00 31 9A 00 AB 61 2B 69 01 00 00 00 00 00 00 00 00 00 00 00 00 00 00 00 00 00 00 00 00 00 00 00 00 00 00 00 00 00 00 00 00 00 00 00 00 00 00 00 00 
00 00 04 70
[2026-08-20 16:42:56.149]# RECV HEX/63 <<<
AA 00 3C 13 61 AD 00 34 9A 00 AB 69 9A 72 0D 00 00 00 00 00 00 00 00 00 00 00 00 00 00 00 00 00 00 00 00 00 00 00 00 00 00 00 00 00 00 00 00 00 00 00 00 00 00 00 00 00 00 00 00 00 05 02 AA
[2026-08-20 16:42:56.160]# RECV HEX/91 <<<
00 39 13 61 AD 00 31 9B 00 AB 72 A7 7A 8E AA 00 00 6C 00 00 74 00 00 00 00 00 00 00 00 66 00 00 53 00 00 00 00 00 00 00 00 B0 00 00 84 00 00 B4 00 00 B2 09 37 B3 09 4E 0B C3 AA 00 3C 13 61 AD 00 34 9B 00 AB 7B 29 83 A3 AF 08 E3 B3 08 FB AF 
00 00 B2 09 D7 B2 0A 68 B1 00 00
[2026-08-20 16:42:56.170]# RECV HEX/85 <<<
B0 09 58 B0 09 60 B1 09 68 B3 09 B3 B4 09 BA B6 09 CC B3 0A 07 B3 09 FA AF 09 78 18 18 AA 00 39 13 61 AD 00 31 9B 00 AB 84 3D 8C 1E AD 09 C7 91 00 00 B3 0B 78 B2 00 00 00 00 00 00 00 00 00 00 00 00 00 00 00 00 00 00 00 00 B1 00 00 48 00 00 
6A 00 00 6E 1D
[2026-08-20 16:42:56.181]# RECV HEX/65 <<<
E5 0B AF AA 00 3C 13 61 AD 00 34 9B 00 AB 00 18 08 9B 67 1E 66 51 1F B6 66 00 00 5F 25 97 00 00 00 B3 00 00 AE 00 00 B1 31 7F B1 31 5B B2 31 07 B2 30 9D B4 30 35 B1 2F 8B 6E 00 00 B6 25 97 12 9A
[2026-08-20 16:42:56.192]# RECV HEX/76 <<<
AA 00 39 13 61 AD 00 31 9D 00 AB 09 37 11 35 B1 25 A5 B3 26 4E B1 00 00 B2 2F 07 B3 2E D8 B3 2E C2 B3 2E B8 B2 2E 8D B2 2E 6D B3 2E 83 B3 2E 83 B1 00 00 B3 05 7E B1 05 87 15 D9 AA 00 39 13 61 AD 00 31 9C 00 AB 11 D1 19 C3 B2 05
[2026-08-20 16:42:56.192]# RECV HEX/11 <<<
99 B1 05 B4 AF 05 CE B2 05 D8 B0
[2026-08-20 16:42:56.202]# RECV HEX/84 <<<
05 CA B3 05 B6 B1 05 9A B4 05 82 00 00 00 00 00 00 00 00 00 00 00 00 00 00 00 00 00 00 10 7D AA 00 3C 13 61 AD 00 34 9D 00 AB 1A 5F 22 F3 00 00 00 00 00 00 00 00 00 00 00 00 00 00 00 00 00 00 00 00 00 00 00 00 00 00 00 00 00 00 00 00 00 00 
00 00 00 00
[2026-08-20 16:42:56.213]# RECV HEX/68 <<<
00 00 00 00 00 00 00 05 11 AA 00 39 13 61 AD 00 31 9C 00 AB 23 8F 2B 81 00 00 00 00 00 00 00 00 00 00 00 00 00 00 00 00 00 00 00 00 00 00 00 00 00 00 00 00 00 00 B4 00 00 B1 00 00 AF 01 D8 AC 01 D9 09 4D
[2026-08-20 16:42:56.224]# RECV HEX/80 <<<
AA 00 3C 13 61 AD 00 34 9D 00 AB 2C 1D 34 BA AD 01 D9 AB 01 D3 AE 01 D1 AE 01 D2 AC 01 D7 AA 01 DD A6 00 00 00 00 00 00 00 00 00 00 00 B2 00 00 B2 01 C2 AF 01 C4 AD 01 CF AB 00 00 14 36 AA 00 39 13 61 AD 00 31 9C 00 AB 35 55 3D 47 AD 00 00
[2026-08-20 16:42:56.234]# RECV HEX/95 <<<
AA 00 00 90 00 00 6A 00 00 00 00 00 00 00 00 00 00 00 00 00 00 00 00 00 00 00 00 00 00 00 B6 00 00 72 11 D5 B3 11 1D 09 CA AA 00 39 13 61 AD 00 31 9B 00 AB 3D E1 45 C6 4C 10 30 00 00 00 00 00 00 00 00 00 00 00 00 00 00 00 00 00 00 00 00 00 
00 00 00 00 00 00 00 00 00 00 00 00 00 00 00
[2026-08-20 16:42:56.245]# RECV HEX/67 <<<
00 00 00 06 30 AA 00 3C 13 61 AD 00 34 9B 00 AB 46 60 4E DF 00 00 00 00 00 00 00 00 00 00 00 00 00 00 00 00 00 00 00 00 00 00 00 00 00 00 00 00 00 00 00 00 00 00 00 00 00 00 00 00 00 00 00 00 00 05 54
[2026-08-20 16:42:56.255]# RECV HEX/73 <<<
AA 00 39 13 61 AD 00 31 9A 00 AB 4F 78 57 51 00 00 00 00 00 00 00 00 00 00 00 00 00 00 00 48 00 00 8A 01 AA AE 01 B0 AB 01 B0 89 01 B1 80 01 B2 7C 01 B4 AF 01 B4 AF 01 B6 0F 8A AA 00 3C 13 61 AD 00 34 9A 00 AB 57 EB 60
[2026-08-20 16:42:56.266]# RECV HEX/92 <<<
5A AB 01 B8 AB 01 BD AD 01 BF AE 01 C4 AD 01 C8 AC 01 CE AB 01 D3 AC 01 D9 AD 01 E0 AE 01 E7 AE 01 E5 7F 00 00 AC 02 00 00 00 00 00 00 00 17 04 AA 00 3C 13 61 AD 00 34 9A 00 AB 60 F3 69 63 00 00 00 00 00 00 00 00 00 00 00 00 00 00 00 00 00 
00 00 00 00 00 00 00 00 00 00 00 00
[2026-08-20 16:42:56.276]# RECV HEX/77 <<<
00 00 00 00 00 00 00 00 00 00 00 00 00 00 00 00 05 9F AA 00 39 13 61 AD 00 31 9A 00 AB 69 FD 71 D1 00 00 00 00 00 00 00 00 00 00 00 00 00 00 00 00 00 00 00 00 00 00 00 00 00 00 00 00 00 00 00 00 00 00 00 00 00 00 00 00 00 00 06 22
[2026-08-20 16:42:56.287]# RECV HEX/71 <<<
AA 00 3C 13 61 AD 00 34 9B 00 AB 72 6A 7A F0 83 00 00 6D 00 00 00 00 00 00 00 00 00 00 00 50 00 00 00 00 00 56 00 00 00 00 00 AE 00 00 00 00 00 B3 00 00 AF 08 DF B3 09 4C AF 08 E9 0C FC AA 00 39 13 61 AD 00 31 9B
[2026-08-20 16:42:56.298]# RECV HEX/78 <<<
00 AB 7B 8A 83 69 B1 08 E8 B1 00 00 B2 09 CE B2 0A 71 B0 09 C8 B0 09 6E AF 09 5C B1 09 65 B2 09 81 B4 09 C1 B5 09 C6 B2 0A 13 B3 09 EE B1 09 F1 17 B1 AA 00 3C 13 61 AD 00 34 9B 00 AB 84 02 8C 7B B3 09 93 B0 00 00 00 00 00 B3 00 00 00
[2026-08-20 16:42:56.298]# RECV HEX/11 <<<
00 00 B1 00 00 B3 00 00 B3 0F FE
[2026-08-20 16:42:56.308]# RECV HEX/82 <<<
B4 10 67 B6 10 CF B2 11 40 00 00 00 47 00 00 62 00 00 66 1E 15 0F E9 AA 00 39 13 61 AD 00 31 9B 00 AB 00 76 08 58 60 1E F9 5F 00 00 5C 25 9E 6B 26 00 AE 28 6F 8A 00 00 B2 31 97 B1 30 D8 B3 31 4F B5 30 CC B1 30 41 B2 2F AD 00 00 00 A8 00 00 
13 15
[2026-08-20 16:42:56.319]# RECV HEX/67 <<<
AA 00 3C 13 61 AD 00 34 9D 00 AB 08 F3 11 8B B2 00 00 B4 25 90 B4 00 00 B5 2F 12 B3 2E F1 B0 2E CD B3 2E AD B2 2E 8D B4 2E 63 B6 2E 8D B6 2E 98 00 00 00 B4 00 00 B0 05 83 AC 05 90 16 B6 AA 00 39 13 61
[2026-08-20 16:42:56.330]# RECV HEX/82 <<<
AD 00 31 9C 00 AB 12 26 1A 13 AE 05 A8 B1 05 C5 B2 05 D6 B2 05 D3 B1 05 BE B1 05 A8 B2 05 84 AE 05 78 00 00 00 00 00 00 00 00 00 00 00 00 00 00 00 00 00 00 0F 06 AA 00 39 13 61 AD 00 31 9C 00 AB 1A AE 22 9F 00 00 00 00 00 00 00 00 00 00 00 
00 00
[2026-08-20 16:42:56.330]# RECV HEX/1 <<<
00
[2026-08-20 16:42:56.330]# RECV HEX/11 <<<
00 00 00 00 00 00 00 00 00 00 00
[2026-08-20 16:42:56.330]# RECV HEX/1 <<<
00
[2026-08-20 16:42:56.340]# RECV HEX/77 <<<
00 00 00 00 00 00 00 00 00 00 00 00 00 00 00 00 05 05 AA 00 3C 13 61 AD 00 34 9C 00 AB 23 3B 2B CA 00 00 00 00 00 00 00 00 00 00 00 00 00 00 00 00 00 00 00 00 00 00 00 00 00 00 00 00 00 00 00 00 00 B1 00 00 AB 01 DD B0 01 DB AE 01
[2026-08-20 16:42:56.351]# RECV HEX/62 <<<
DC 0A 26 AA 00 39 13 61 AD 00 31 9D 00 AB 2C 66 34 61 AC 01 D7 AE 01 D3 AF 01 D2 AC 01 D4 AC 01 D9 AB 01 DF 95 01 D6 00 00 00 00 00 00 AB 00 00 B1 01 BA B2 01 BA AF 01 BE A6 00 00 14 C2
[2026-08-20 16:42:56.361]# RECV HEX/84 <<<
AA 00 39 13 61 AD 00 31 9C 00 AB 34 FC 3C EB AD 00 00 89 00 00 7B 00 00 5F 00 00 00 00 00 00 00 00 00 00 00 00 00 00 00 00 00 00 00 00 00 00 00 A5 00 00 B3 12 70 B4 11 9A 0B 1C AA 00 3C 13 61 AD 00 34 9B 00 AB 3D 86 46 09 5B 10 B3 00 00 00 
00 00 00 00
[2026-08-20 16:42:56.372]# RECV HEX/93 <<<
00 00 00 00 00 00 00 00 00 00 00 00 00 00 00 00 00 00 00 00 00 00 00 00 00 00 00 00 00 00 00 00 00 00 00 05 B1 AA 00 39 13 61 AD 00 31 9B 00 AB 46 A4 4E 84 00 00 00 00 00 00 00 00 00 00 00 00 00 00 00 00 00 00 00 00 00 00 00 00 00 00 00 00 
00 00 00 00 00 00 00 00 00 00 00 00 00
[2026-08-20 16:42:56.383]# RECV HEX/65 <<<
00 05 37 AA 00 3C 13 61 AD 00 34 9A 00 AB 4F 1F 57 97 00 00 00 00 00 00 00 00 00 00 00 00 00 00 00 00 00 00 4A 00 00 AB 01 AF AB 01 B0 AB 01 B1 92 01 B2 7F 01 B4 A5 01 B3 B0 01 B5 AF 01 B7 0F D9
[2026-08-20 16:42:56.393]# RECV HEX/82 <<<
AA 00 3C 13 61 AD 00 34 9A 00 AB 58 30 60 A0 AE 01 BA AC 01 BD AF 01 C0 AC 01 C5 AC 01 CA AB 01 D0 AD 01 D4 AF 01 DB AF 01 E2 B1 01 E7 A5 00 00 AA 00 00 A2 02 03 00 00 00 00 00 00 15 DE AA 00 39 13 61 AD 00 31 9A 00 AB 61 3A 69 10 00 00 00 
00 00
[2026-08-20 16:42:56.404]# RECV HEX/89 <<<
00 00 00 00 00 00 00 00 00 00 00 00 00 00 00 00 00 00 00 00 00 00 00 00 00 00 00 00 00 00 00 00 00 00 00 00 00 04 8E AA 00 3C 13 61 AD 00 34 9A 00 AB 69 A9 72 1A 00 00 00 00 00 00 00 00 00 00 00 00 00 00 00 00 00 00 00 00 00 00 00 00 00 00 
00 00 00 00 00 00 00 00 00
[2026-08-20 16:42:56.414]# RECV HEX/71 <<<
00 00 00 00 00 00 00 00 00 00 05 1E AA 00 39 13 61 AD 00 31 9B 00 AB 72 B5 7A 9A AE 00 00 6D 00 00 6B 00 00 00 00 00 00 00 00 67 00 00 4C 00 00 00 00 00 00 00 00 B2 00 00 90 00 00 B2 00 00 B3 09 3A B2 09 4F 0B E3
[2026-08-20 16:42:56.425]# RECV HEX/77 <<<
AA 00 3C 13 61 AD 00 34 9B 00 AB 7B 35 83 AF B1 08 E3 B1 08 FF B2 00 00 B2 09 DB B2 0A 61 B1 00 00 B0 09 58 B0 09 61 B2 09 68 B3 09 C4 B3 09 B8 AD 09 D8 B0 0A 0A B1 09 FB B2 09 77 18 48 AA 00 39 13 61 AD 00 31 9A 00 AB 84 49 8C 26
[2026-08-20 16:42:56.435]# RECV HEX/78 <<<
A3 09 D5 9E 00 00 00 00 00 00 00 00 00 00 00 00 00 00 00 00 00 00 00 00 00 00 00 00 00 00 00 00 00 4D 00 00 70 1E 81 6D 1D E1 09 DF AA 00 3C 13 61 AD 00 34 9B 00 AB 00 20 08 9C 67 1E 4B 00 00 00 63 00 00 60 25 08 4A 26 E0 B2 29 23 B0
[2026-08-20 16:42:56.446]# RECV HEX/87 <<<
00 00 B1 31 97 B2 31 43 B6 31 37 B0 30 B5 B5 30 13 B3 2F 80 6A 00 00 B3 25 9E 12 8F AA 00 39 13 61 AD 00 31 9D 00 AB 09 38 11 33 B6 25 97 B6 26 47 B2 00 00 B4 2E FC B3 2E D8 B2 2E AD B3 2E 83 B1 2E 83 B6 2E 6D B1 2E 6D B5 2E 78 B4 00 00 B0 
05 7D B3 05 85 16 4E
[2026-08-20 16:42:56.456]# RECV HEX/62 <<<
AA 00 3C 13 61 AD 00 34 9C 00 AB 11 CE 1A 58 B0 05 98 B0 05 B3 B1 05 CD B2 05 D5 B1 05 C7 B2 05 B1 B2 05 97 B0 05 74 96 05 70 00 00 00 00 00 00 00 00 00 00 00 00 00 00 00 00 00 00 10 FE
[2026-08-20 16:42:56.467]# RECV HEX/93 <<<
AA 00 39 13 61 AD 00 31 9B 00 AB 1A F3 22 DD 00 00 00 00 00 00 00 00 00 00 00 00 00 00 00 00 00 00 00 00 00 00 00 00 00 00 00 00 00 00 00 00 00 00 00 00 00 00 00 00 00 00 05 87 AA 00 39 13 61 AD 00 31 9B 00 AB 23 78 2B 68 00 00 00 00 00 00 
00 00 00 00 00 00 00 00 00 00 00 00 00
[2026-08-20 16:42:56.467]# RECV HEX/2 <<<
00 00
[2026-08-20 16:42:56.477]# RECV HEX/77 <<<
00 00 00 00 00 00 00 00 00 7B 00 00 AE 01 E4 B0 01 DB AF 01 DB 09 CE AA 00 3C 13 61 AD 00 34 9D 00 AB 2C 03 34 9A AD 01 DC AC 01 D6 AE 01 D3 AC 01 D3 AC 01 D6 AC 01 DC AE 01 E3 00 00 00 00 00 00 00 00 00 63 00 00 AE 01 BB B2 01 C0
[2026-08-20 16:42:56.488]# RECV HEX/67 <<<
B0 01 CA AF 00 00 14 97 AA 00 39 13 61 AD 00 31 9B 00 AB 35 35 3D 20 99 00 00 8B 00 00 63 00 00 00 00 00 00 00 00 00 00 00 00 00 00 00 00 00 00 00 00 00 00 00 5F 00 00 AF 00 00 B2 12 29 B1 11 50 08 D6
[2026-08-20 16:42:56.498]# RECV HEX/83 <<<
AA 00 3C 13 61 AD 00 34 9B 00 AB 3D BB 46 3D 5A 10 6C 00 00 00 00 00 00 00 00 00 00 00 00 00 00 00 00 00 00 00 00 00 00 00 00 00 00 00 00 00 00 00 00 00 00 00 00 00 00 00 00 00 00 05 D2 AA 00 39 13 61 AD 00 31 9B 00 AB 46 D7 4E B6 00 00 00 
00 00 00
[2026-08-20 16:42:56.509]# RECV HEX/88 <<<
00 00 00 00 00 00 00 00 00 00 00 00 00 00 00 00 00 00 00 00 00 00 00 00 00 00 00 00 00 00 00 00 00 00 00 00 05 9C AA 00 3C 13 61 AD 00 34 9B 00 AB 4F 50 57 CA 00 00 00 00 00 00 00 00 00 00 00 00 00 00 00 00 00 00 64 00 00 AA 01 B0 AA 01 B0 
9A 01 B1 81 01 B2 7D 01
[2026-08-20 16:42:56.520]# RECV HEX/71 <<<
B5 AE 01 B3 AF 01 B5 AE 01 B7 10 3B AA 00 39 13 61 AD 00 31 9B 00 AB 58 63 60 39 AA 01 BB AE 01 BF AD 01 C3 AC 01 C7 AC 01 CC AC 01 D2 AD 01 D8 AE 01 DF AF 01 E6 AE 01 EA 4B 00 00 B0 01 FF 69 02 09 00 00 00 16 32
[2026-08-20 16:42:56.530]# RECV HEX/76 <<<
AA 00 3C 13 61 AD 00 34 9A 00 AB 60 D3 69 48 00 00 00 00 00 00 00 00 00 00 00 00 00 00 00 00 00 00 00 00 00 00 00 00 00 00 00 00 00 00 00 00 00 00 00 00 00 00 00 00 00 00 00 00 00 05 64 AA 00 39 13 61 AD 00 31 9A 00 AB 69 E2 71
[2026-08-20 16:42:56.541]# RECV HEX/90 <<<
BB 00 00 00 00 00 00 00 00 00 00 00 00 00 00 00 00 00 00 00 00 00 00 00 00 00 00 00 00 00 00 00 00 00 00 00 00 00 00 00 00 00 00 05 F1 AA 00 3C 13 61 AD 00 34 9B 00 AB 72 55 7A DC 49 00 00 78 03 39 00 00 00 00 00 00 00 00 00 00 00 00 61 00 
00 61 00 00 00 00 00 AF 00 00
[2026-08-20 16:42:56.552]# RECV HEX/76 <<<
A7 0B 73 00 00 00 B3 00 00 B4 09 47 AF 08 ED 0C 8C AA 00 39 13 61 AD 00 31 9B 00 AB 7B 76 83 5A B2 08 E6 AF 09 A5 B1 09 D0 AF 0A 1F B1 09 D1 B1 09 87 AF 09 5A AF 09 65 B0 09 7A B5 09 C8 B3 09 BE B2 0A 0B B1 09 F0 B1 09 ED 17 EE
[2026-08-20 16:42:56.562]# RECV HEX/72 <<<
AA 00 3C 13 61 AD 00 34 9B 00 AB 83 F4 8C 70 B3 09 8E B2 00 00 00 00 00 B0 00 00 A5 00 00 B3 0C A0 B3 00 00 B2 0F F9 B3 10 5E B5 10 C6 B3 11 3A 00 00 00 48 00 00 5C 1F 19 7E 1E 34 12 67 AA 00 39 13 61 AD 00 31 9B 00
[2026-08-20 16:42:56.573]# RECV HEX/89 <<<
AB 00 6A 08 4F 66 1E F9 5F 00 00 61 25 89 63 25 F1 AC 28 67 4A 00 00 B3 31 A4 B2 30 9D B4 31 5B B4 30 C1 B3 30 35 B0 2F AD 00 00 00 A7 00 00 13 5C AA 00 3C 13 61 AD 00 34 9D 00 AB 08 EA 11 86 AD 00 00 B3 25 90 B4 00 00 B4 2F 28 B4 2E E6 B2 
2E AD B3 2E 8D B4 2E A2 B4
[2026-08-20 16:42:56.583]# RECV HEX/81 <<<
2E 8D B4 2E 83 B2 2E AD 00 00 00 B3 00 00 B2 05 82 AD 05 91 16 B7 AA 00 39 13 61 AD 00 31 9C 00 AB 12 21 1A 11 B2 05 A9 B2 05 C4 B3 05 D4 B1 05 CF B0 05 B9 B3 05 A2 B4 05 7F A7 05 74 00 00 00 00 00 00 00 00 00 00 00 00 00 00 00 00 00 00 0E 
E6
[2026-08-20 16:42:56.594]# RECV HEX/59 <<<
AA 00 39 13 61 AD 00 31 9C 00 AB 1A AC 22 9D 00 00 00 00 00 00 00 00 00 00 00 00 00 00 00 00 00 00 00 00 00 00 00 00 00 00 00 00 00 00 00 00 00 00 00 00 00 00 00 00 00 00 05 01
[2026-08-20 16:42:56.594]# RECV HEX/5 <<<
AA 00 3C 13 61
[2026-08-20 16:42:56.605]# RECV HEX/89 <<<
AD 00 34 9C 00 AB 23 39 2B C8 00 00 00 00 00 00 00 00 00 00 00 00 00 00 00 00 00 00 00 00 00 00 00 00 00 00 00 00 00 00 00 00 00 A9 00 00 AF 01 E3 AF 01 DE AF 01 DF 0A 2A AA 00 39 13 61 AD 00 31 9D 00 AB 2C 64 34 60 AC 01 DB AE 01 D6 B0 01 
D5 AD 01 D6 AC 01 DB AB 01
[2026-08-20 16:42:56.615]# RECV HEX/88 <<<
E2 99 00 00 00 00 00 00 00 00 00 00 00 00 00 00 AF 00 00 B0 01 CA AC 01 D5 12 13 AA 00 3C 13 61 AD 00 34 9B 00 AB 34 FB 3D 81 9C 00 00 83 00 00 50 00 00 00 00 00 00 00 00 00 00 00 00 00 00 00 00 00 00 00 00 00 00 00 00 00 00 B3 00 00 B3 12 
73 B4 11 A5 6B 10 BB 0B
[2026-08-20 16:42:56.626]# RECV HEX/61 <<<
68 AA 00 39 13 61 AD 00 31 9B 00 AB 3E 1C 45 FF 00 00 00 00 00 00 00 00 00 00 00 00 00 00 00 00 00 00 00 00 00 00 00 00 00 00 00 00 00 00 00 00 00 00 00 00 00 00 00 00 00 00 05 19 AA
[2026-08-20 16:42:56.637]# RECV HEX/87 <<<
00 3C 13 61 AD 00 34 9B 00 AB 46 99 4F 14 00 00 00 00 00 00 00 00 00 00 00 00 00 00 00 00 00 00 00 00 00 00 00 00 00 00 00 00 00 00 00 00 00 00 00 00 00 00 00 00 00 00 00 00 00 04 C3 AA 00 39 13 61 AD 00 31 9A 00 AB 4F AE 57 89 00 00 00 00 
00 00 00 00 00 00 00
[2026-08-20 16:42:56.647]# RECV HEX/89 <<<
00 00 00 00 4B 00 00 AB 01 AE AD 01 B0 AB 01 B0 90 01 B2 81 01 B4 9F 01 B3 B0 01 B5 AF 01 B6 10 4E AA 00 3C 13 61 AD 00 34 9A 00 AB 58 22 60 93 AE 01 BA AC 01 BC AE 01 C1 AC 01 C5 AC 01 CA AB 01 CF AE 01 D5 AE 01 DB AF 01 E2 AF 01 E8 AF 00 
00 A9 00 00 A4 02 04 00 00
[2026-08-20 16:42:56.658]# RECV HEX/65 <<<
00 00 00 00 15 CD AA 00 39 13 61 AD 00 31 9A 00 AB 61 2C 69 05 00 00 00 00 00 00 00 00 00 00 00 00 00 00 00 00 00 00 00 00 00 00 00 00 00 00 00 00 00 00 00 00 00 00 00 00 00 00 00 00 00 00 04 75
[2026-08-20 16:42:56.669]# RECV HEX/83 <<<
AA 00 3C 13 61 AD 00 34 9A 00 AB 69 9E 72 16 00 00 00 00 00 00 00 00 00 00 00 00 00 00 00 00 00 00 00 00 00 00 00 00 00 00 00 00 00 00 00 00 00 00 00 00 00 00 00 00 00 00 00 00 00 05 0F AA 00 39 13 61 AD 00 31 9B 00 AB 72 B0 7A 9A A9 00 00 
66 00 00
[2026-08-20 16:42:56.669]# RECV HEX/11 <<<
6E 00 00 00 00 00 00 00 00 66 00
[2026-08-20 16:42:56.669]# RECV HEX/1 <<<
00
[2026-08-20 16:42:56.679]# RECV HEX/78 <<<
5C 00 00 00 00 00 00 00 00 B0 00 00 7E 00 00 B1 00 00 AE 09 3F B1 09 51 0B D0 AA 00 3C 13 61 AD 00 34 9B 00 AB 7B 35 83 B5 B2 08 E3 B2 08 FE B2 00 00 B2 09 D8 B2 0A 5D B1 00 00 AE 09 57 B0 09 61 B1 09 68 B4 09 C5 B1 09 B6 B2 09 D7 B3
[2026-08-20 16:42:56.690]# RECV HEX/69 <<<
0A 07 AF 09 FC AD 09 75 18 3E AA 00 39 13 61 AD 00 31 9B 00 AB 84 4F 8C 36 96 09 D4 8E 00 00 AE 0B 6B 00 00 00 00 00 00 00 00 00 00 00 00 00 00 00 00 00 00 00 00 00 B0 00 00 50 00 00 64 1E 8E 85 1D E9 0B D0
[2026-08-20 16:42:56.700]# RECV HEX/79 <<<
AA 00 3C 13 61 AD 00 34 9B 00 AB 00 30 08 B2 64 1E 6F 00 00 00 63 00 00 62 25 C0 4A 28 48 A7 28 F1 B0 00 00 B0 31 73 B0 31 73 B2 30 FB B5 30 86 B2 30 07 B1 2F 75 98 00 00 B4 25 90 14 5F AA 00 39 13 61 AD 00 31 9D 00 AB 09 4E 11 4C B2 25
[2026-08-20 16:42:56.711]# RECV HEX/83 <<<
A5 00 00 00 B2 00 00 B4 2F 07 B2 2E D8 B3 2E B8 B2 2E 8D B2 2E 8D B2 2E 98 B3 2E 8D B5 2E 98 B2 00 00 AF 05 84 AE 05 90 15 02 AA 00 39 13 61 AD 00 31 9D 00 AB 11 E8 19 DA AC 05 A5 B1 05 C1 B1 05 D5 B2 05 D7 B1 05 C5 B0 05 BB 00 00 00 00 00 
00 00 00
[2026-08-20 16:42:56.711]# RECV HEX/11 <<<
00 00 00 00 00 00 00 00 00 00 00
[2026-08-20 16:42:56.722]# RECV HEX/69 <<<
00 00 00 00 00 0E 3A AA 00 3C 13 61 AD 00 34 9C 00 AB 1A 76 23 01 00 00 00 00 00 00 00 00 00 00 00 00 00 00 00 00 00 00 00 00 00 00 00 00 00 00 00 00 00 00 00 00 00 00 00 00 00 00 00 00 00 00 00 00 00 04 36
[2026-08-20 16:42:56.732]# RECV HEX/71 <<<
AA 00 39 13 61 AD 00 31 9C 00 AB 23 9C 2B 90 00 00 00 00 00 00 00 00 00 00 00 00 00 00 00 00 00 00 00 00 00 00 00 00 00 00 00 00 00 00 49 00 00 B1 00 00 B0 01 DF B0 01 DF 09 10 AA 00 39 13 61 AD 00 31 9D 00 AB 2C
[2026-08-20 16:42:56.742]# RECV HEX/84 <<<
2C 34 29 AB 01 DF AD 01 D9 AD 01 D6 AD 01 D7 AE 01 DB AC 01 E1 A9 01 E0 00 00 00 00 00 00 00 00 00 7A 00 00 AD 00 00 AF 01 CC B2 01 D5 13 1A AA 00 3C 13 61 AD 00 34 9C 00 AB 34 C6 3D 52 AF 00 00 96 00 00 59 00 00 00 00 00 00 00 00 00 00 00 
00 00 00 00
[2026-08-20 16:42:56.753]# RECV HEX/84 <<<
00 00 00 00 00 00 00 00 00 00 00 A8 00 00 B6 12 BF 60 11 79 B2 11 0D 0A 92 AA 00 39 13 61 AD 00 31 9C 00 AB 3D ED 45 D3 00 00 00 00 00 00 00 00 00 00 00 00 00 00 00 00 00 00 00 00 00 00 00 00 00 00 00 00 00 00 00 00 00 00 00 00 00 00 00 00 
00 00 05 BE
[2026-08-20 16:42:56.764]# RECV HEX/63 <<<
AA 00 3C 13 61 AD 00 34 9B 00 AB 46 6D 4E EA 00 00 00 00 00 00 00 00 00 00 00 00 00 00 00 00 00 00 00 00 00 00 00 00 00 00 00 00 00 00 00 00 00 00 00 00 00 00 00 00 00 00 00 00 00 05 6C AA
[2026-08-20 16:42:56.764]# RECV HEX/12 <<<
00 39 13 61 AD 00 31 9A 00 AB 4F 84
[2026-08-20 16:42:56.774]# RECV HEX/79 <<<
57 5F 00 00 00 00 00 00 00 00 00 00 00 00 00 00 00 47 00 00 93 01 AB AB 01 B0 AA 01 B0 8B 01 B2 7D 01 B3 7D 01 B4 B0 01 B4 AF 01 B6 0F AC AA 00 3C 13 61 AD 00 34 9A 00 AB 57 F9 60 69 AD 01 B9 AC 01 BC AF 01 BF AC 01 C4 AD 01 C8 AC 01 CE
[2026-08-20 16:42:56.785]# RECV HEX/80 <<<
AD 01 D4 AD 01 D9 AF 01 E1 AE 01 E7 B0 01 E2 8D 00 00 A8 02 00 00 00 00 00 00 00 17 34 AA 00 3C 13 61 AD 00 34 9A 00 AB 61 03 69 75 00 00 00 00 00 00 00 00 00 00 00 00 00 00 00 00 00 00 00 00 00 00 00 00 00 00 00 00 00 00 00 00 00 00 00 00
[2026-08-20 16:42:56.785]# RECV HEX/11 <<<
00 00 00 00 00 00 00 00 00 04 C2
[2026-08-20 16:42:56.796]# RECV HEX/59 <<<
AA 00 39 13 61 AD 00 31 9A 00 AB 6A 0E 71 E9 00 00 00 00 00 00 00 00 00 00 00 00 00 00 00 00 00 00 00 00 00 00 00 00 00 00 00 00 00 00 00 00 00 00 00 00 00 00 00 00 00 00 05 4C
[2026-08-20 16:42:56.806]# RECV HEX/79 <<<
AA 00 3C 13 61 AD 00 34 9C 00 AB 72 84 7B 0C 9F 00 00 6E 00 00 5A 00 00 00 00 00 00 00 00 62 00 00 00 00 00 4F 03 66 00 00 00 B0 00 00 91 00 00 B4 08 C6 B3 09 0B B2 09 4A B1 08 E5 0D AD AA 00 39 13 61 AD 00 31 9B 00 AB 7B A7 83 88 B2 08
[2026-08-20 16:42:56.806]# RECV HEX/11 <<<
F0 B3 09 B0 B6 09 D0 B0 0A 8D B1
[2026-08-20 16:42:56.816]# RECV HEX/78 <<<
00 00 B0 09 61 B2 09 5E B0 09 64 00 00 00 B0 00 00 B4 09 C7 B0 0A 00 AF 09 EB B1 09 CA 15 AA AA 00 39 13 61 AD 00 31 9B 00 AB 84 22 8C 09 B1 09 A1 AF 00 00 B3 0B D0 00 00 00 00 00 00 00 00 00 00 00 00 00 00 00 00 00 00 B6 00 00 B4 11
[2026-08-20 16:42:56.827]# RECV HEX/74 <<<
16 40 00 00 6B 1E B3 76 1D E1 0C CF AA 00 3C 13 61 AD 00 34 9B 00 AB 00 03 08 89 69 1E 46 87 1F 3B 6D 00 00 5D 25 82 61 26 1C B4 28 F1 AF 00 00 B2 30 92 B2 31 13 B3 31 13 B4 30 9D B2 30 2A B5 2F AD 6B 00 00 AF 25 90 13 A1
[2026-08-20 16:42:56.837]# RECV HEX/72 <<<
AA 00 39 13 61 AD 00 31 9D 00 AB 09 24 11 25 B6 25 9E B1 25 F1 B4 00 00 B2 2F 12 B4 2E F1 B2 2E CD B2 2E B8 B3 2E 8D B6 2E 78 B2 2E 83 B4 2E A2 AF 00 00 B2 05 8B AE 05 94 16 C8 AA 00 3C 13 61 AD 00 34 9C 00 AB 11 C1
[2026-08-20 16:42:56.848]# RECV HEX/97 <<<
1A 55 B1 05 A7 B2 05 C3 B0 05 E0 90 05 F1 00 00 00 00 00 00 00 00 00 00 00 00 00 00 00 00 00 00 00 00 00 00 00 00 00 00 00 00 00 00 00 00 00 0A B5 AA 00 39 13 61 AD 00 31 9C 00 AB 1A F0 22 E3 00 00 00 00 00 00 00 00 00 00 00 00 00 00 00 00 
00 00 00 00 00 00 00 00 00 00 00 00 00 00 00 00 00
[2026-08-20 16:42:56.858]# RECV HEX/70 <<<
00 00 00 00 00 00 00 00 00 05 8B AA 00 39 13 61 AD 00 31 9C 00 AB 23 7E 2B 71 00 00 00 00 00 00 00 00 00 00 00 00 00 00 00 00 00 00 00 00 00 00 00 00 00 00 00 00 00 00 00 00 00 AF 00 00 B0 00 00 B0 01 DD 07 A6
[2026-08-20 16:42:56.869]# RECV HEX/76 <<<
AA 00 3C 13 61 AD 00 34 9D 00 AB 2C 0D 34 AA AD 01 DE AC 01 DA AF 01 D6 AC 01 D5 AE 01 D8 AC 01 DD AD 01 E5 59 00 00 00 00 00 00 00 00 00 00 00 00 00 00 AF 00 00 AF 01 D4 B0 01 DF 13 75 AA 00 39 13 61 AD 00 31 9B 00 AB 35 45 3D
[2026-08-20 16:42:56.879]# RECV HEX/77 <<<
2F 99 00 00 65 00 00 00 00 00 66 00 00 00 00 00 00 00 00 00 00 00 00 00 00 00 00 00 00 00 00 69 00 00 B2 13 0E B3 12 22 B1 11 3A 08 E4 AA 00 3C 13 61 AD 00 34 9B 00 AB 3D CA 46 4B 00 00 00 00 00 00 00 00 00 00 00 00 00 00 00 00 00
[2026-08-20 16:42:56.890]# RECV HEX/87 <<<
00 00 00 00 00 00 00 00 00 00 00 00 00 00 00 00 00 00 00 00 00 00 00 00 00 00 00 00 05 19 AA 00 39 13 61 AD 00 31 9B 00 AB 46 E5 4E C3 00 00 00 00 00 00 00 00 00 00 00 00 00 00 00 00 00 00 00 00 00 00 00 00 00 00 00 00 00 00 00 00 00 00 00 
00 00 00 00 00 00 00
[2026-08-20 16:42:56.890]# RECV HEX/2 <<<
05 B7
[2026-08-20 16:42:56.900]# RECV HEX/62 <<<
AA 00 3C 13 61 AD 00 34 9A 00 AB 4F 5D 57 D2 00 00 00 00 00 00 00 00 00 00 00 00 00 00 00 00 00 00 60 00 00 AA 01 B0 AA 01 B0 99 01 B1 87 01 B3 7A 01 B5 B0 01 B4 AE 01 B5 AA 01 B8 10 4D
[2026-08-20 16:42:56.911]# RECV HEX/87 <<<
AA 00 39 13 61 AD 00 31 9A 00 AB 58 6A 60 3B AC 01 BB AD 01 BE AC 01 C2 AD 01 C7 AC 01 CC AC 01 D1 AC 01 D7 AE 01 DE AF 01 E5 B2 01 E9 4A 00 00 AB 01 FD 69 02 07 00 00 00 16 2D AA 00 3C 13 61 AD 00 34 99 00 AB 60 D3 69 3D 00 00 00 00 00 00 
00 00 00 00 00 00 00
[2026-08-20 16:42:56.922]# RECV HEX/92 <<<
00 00 00 00 00 00 00 00 00 00 00 00 00 00 00 00 00 00 00 00 00 00 00 00 00 00 00 00 00 00 00 00 05 58 AA 00 3C 13 61 AD 00 34 99 00 AB 69 D5 72 32 00 00 00 00 00 00 00 00 00 00 00 00 00 00 00 00 00 00 00 00 00 00 00 00 00 00 00 00 00 00 00 
00 00 00 00 00 00 00 00 00 00 00 00
[2026-08-20 16:42:56.933]# RECV HEX/63 <<<
00 00 05 61 AA 00 39 13 61 AD 00 31 99 00 AB 72 CB 7A 9B A8 00 00 64 00 00 64 00 00 00 00 00 00 00 00 6A 00 00 5E 00 00 00 00 00 00 00 00 B2 00 00 68 00 00 B4 00 00 B0 09 3D B4 09 51 0B D5
[2026-08-20 16:42:56.943]# RECV HEX/79 <<<
AA 00 3C 13 61 AD 00 34 98 00 AB 7B 34 83 8F B2 08 E3 AF 08 FA B3 00 00 B1 09 D7 B2 0A 6C AE 00 00 AF 09 59 B2 09 5E B1 09 66 00 00 00 B0 00 00 B3 09 C7 B2 09 FB B2 09 EE AD 09 A6 16 DF AA 00 3C 13 61 AD 00 34 98 00 AB 84 27 8C 7F AC 09
[2026-08-20 16:42:56.954]# RECV HEX/92 <<<
A1 B4 00 00 B3 0B D2 00 00 00 00 00 00 B0 00 00 00 00 00 B2 00 00 00 00 00 B5 00 00 B4 11 3C 00 00 00 49 00 00 60 1E F4 75 1E 3D 0E 71 AA 00 39 13 61 AD 00 31 98 00 AB 00 77 08 38 65 1E EB 5F 00 00 5E 25 52 60 25 D5 AD 28 77 51 00 00 B2 31 
ED B2 31 13 B1 31 73 B1 30 F0 B3 30
[2026-08-20 16:42:56.965]# RECV HEX/74 <<<
63 B5 2F E5 B4 2F 80 A7 00 00 14 CD AA 00 3C 13 61 AD 00 34 99 00 AB 08 D0 11 39 B4 00 00 B1 25 AB B6 00 00 B6 2F 54 B6 2F 28 B3 2E D8 B4 2E AD B3 2E 78 B3 2E 63 B4 2E 8D B5 2E 83 B6 2E A2 B3 00 00 AF 05 94 B4 05 A0 17 66
[2026-08-20 16:42:56.976]# RECV HEX/68 <<<
AA 00 3C 13 61 AD 00 34 98 00 AB 11 D2 1A 2E B1 05 B7 98 05 DA 00 00 00 00 00 00 00 00 00 00 00 00 00 00 00 00 00 00 00 00 00 00 00 00 00 00 00 00 00 00 00 00 00 00 00 00 00 00 00 07 8D AA 00 3C 13 61 AD
[2026-08-20 16:42:56.976]# RECV HEX/11 <<<
00 34 98 00 AB 1A C6 23 1B 00 00
[2026-08-20 16:42:56.986]# RECV HEX/85 <<<
00 00 00 00 00 00 00 00 00 00 00 00 00 00 00 00 00 00 00 00 00 00 00 00 00 00 00 00 00 00 00 00 00 00 00 00 00 00 00 00 00 00 00 04 9C AA 00 39 13 61 AD 00 31 98 00 AB 23 B2 2B 6B 00 00 00 00 00 00 00 00 00 00 00 00 00 00 00 00 00 00 00 00 
00 00 00 00 00
[2026-08-20 16:42:56.997]# RECV HEX/81 <<<
00 00 00 00 00 87 00 00 B1 01 E1 AF 01 D8 AE 01 D9 0A 0D AA 00 3C 13 61 AD 00 34 99 00 AB 2C 02 34 5F AE 01 DA AC 01 DA AC 01 D5 AC 01 D4 AE 01 D7 AB 01 DD AC 01 E6 9E 00 00 00 00 00 00 00 00 00 00 00 B3 00 00 B0 00 00 B0 01 D7 B0 01 DF 14 
0E
[2026-08-20 16:42:57.007]# RECV HEX/62 <<<
AA 00 3C 13 61 AD 00 34 96 00 AB 34 F6 3D 37 A8 00 00 7D 00 00 00 00 00 66 00 00 00 00 00 00 00 00 00 00 00 00 00 00 00 00 00 00 00 00 00 00 00 AE 00 00 B0 12 E0 AA 11 F8 B2 11 30 0B 9B
[2026-08-20 16:42:57.018]# RECV HEX/87 <<<
AA 00 3C 13 61 AD 00 34 96 00 AB 3D CC 46 02 5A 10 4B 00 00 00 00 00 00 00 00 00 00 00 00 00 00 00 00 00 00 00 00 00 00 00 00 00 00 00 00 00 00 00 00 00 00 00 00 00 00 00 00 00 00 05 82 AA 00 3C 13 61 AD 00 34 95 00 AB 46 97 4E C7 00 00 00 
00 00 00 00 00 00 00
[2026-08-20 16:42:57.029]# RECV HEX/80 <<<
00 00 00 00 00 00 00 00 00 00 00 00 00 00 00 00 00 00 00 00 00 00 00 00 00 00 00 00 00 00 00 00 00 00 00 05 6D AA 00 3C 13 61 AD 00 34 95 00 AB 4F 5B 57 86 00 00 00 00 00 00 00 00 00 00 00 00 00 00 00 00 00 00 59 00 00 AB 01 AF AA 01 B0 AA
[2026-08-20 16:42:57.039]# RECV HEX/80 <<<
01 B1 8C 01 B3 7B 01 B3 9D 01 B3 AE 01 B5 AB 01 B6 0F F3 AA 00 3C 13 61 AD 00 34 95 00 AB 58 1A 60 48 AB 01 B9 AB 01 BC AE 01 C1 AC 01 C4 AA 01 C9 AC 01 CE AC 01 D4 AD 01 DA AF 01 E1 AE 01 E7 B0 01 E7 6A 00 00 AA 02 00 00 00 00 00 00 00 16
[2026-08-20 16:42:57.039]# RECV HEX/1 <<<
10
[2026-08-20 16:42:57.049]# RECV HEX/62 <<<
AA 00 3C 13 61 AD 00 34 95 00 AB 60 DC 69 0A 00 00 00 00 00 00 00 00 00 00 00 00 00 00 00 00 00 00 00 00 00 00 00 00 00 00 00 00 00 00 00 00 00 00 00 00 00 00 00 00 00 00 00 00 00 05 2A
[2026-08-20 16:42:57.060]# RECV HEX/76 <<<
AA 00 3C 13 61 AD 00 34 96 00 AB 69 9E 71 D3 00 00 00 00 00 00 00 00 00 00 00 00 00 00 00 00 00 00 00 00 00 00 00 00 00 00 00 00 00 00 00 00 00 00 00 00 00 00 00 00 00 00 00 00 00 05 C7 AA 00 3C 13 61 AD 00 34 97 00 AB 72 68 7A
[2026-08-20 16:42:57.060]# RECV HEX/11 <<<
AF 52 00 00 85 00 00 4B 00 00 00
[2026-08-20 16:42:57.060]# RECV HEX/1 <<<
00
[2026-08-20 16:42:57.060]# RECV HEX/1 <<<
00
[2026-08-20 16:42:57.071]# RECV HEX/79 <<<
00 00 00 00 00 00 86 00 00 6A 03 5F 00 00 00 00 00 00 B2 00 00 AB 00 00 B2 00 00 B1 09 40 B0 09 52 0C 08 AA 00 3C 13 61 AD 00 34 96 00 AB 7B 45 83 82 B2 08 E2 B1 08 FA B1 00 00 AF 09 D4 B0 0A 7A AF 00 00 B0 09 5C B0 09 5E B2 09 66 00 00
[2026-08-20 16:42:57.081]# RECV HEX/80 <<<
00 B3 00 00 B3 09 C3 B1 0A 06 AF 09 EE B0 09 EF 16 3E AA 00 3C 13 61 AD 00 34 96 00 AB 84 18 8C 54 B1 09 92 B1 00 00 00 00 00 00 00 00 B4 00 00 00 00 00 00 00 00 00 00 00 00 00 00 00 00 00 B4 00 00 AE 11 5B 45 00 00 59 00 00 9A 1E 0D 0A DA
[2026-08-20 16:42:57.091]# RECV HEX/62 <<<
AA 00 3C 13 61 AD 00 34 97 00 AB 00 4A 08 8E 62 1E 73 4C 00 00 5F 25 74 64 25 6D 4A 27 7D B1 29 02 AE 00 00 B0 31 73 B1 31 4F B3 31 37 B5 30 D8 B3 30 2A B4 2F B8 6B 00 00 B3 25 97 13 E1
[2026-08-20 16:42:57.102]# RECV HEX/82 <<<
AA 00 3C 13 61 AD 00 34 99 00 AB 09 25 11 88 AE 25 90 B3 25 B9 B4 00 00 B3 2F 12 B3 2E FC B0 2E C2 B2 2E AD B2 2E 78 B3 2E 78 B5 2E 78 B3 2E A2 00 00 00 AE 00 00 B3 05 A2 B1 05 B3 16 EC AA 00 39 13 61 AD 00 31 98 00 AB 12 20 19 DC A2 05 D2 
56 05
[2026-08-20 16:42:57.102]# RECV HEX/12 <<<
F3 00 00 00 00 00 00 00 00 00 00 00
[2026-08-20 16:42:57.112]# RECV HEX/79 <<<
00 00 00 00 00 00 00 00 00 00 00 00 00 00 00 00 00 00 00 00 00 00 00 00 00 07 66 AA 00 3C 13 61 AD 00 34 98 00 AB 1A 74 22 CD 00 00 00 00 00 00 00 00 00 00 00 00 00 00 00 00 00 00 00 00 00 00 00 00 00 00 00 00 00 00 00 00 00 00 00 00 00
[2026-08-20 16:42:57.122]# RECV HEX/72 <<<
00 00 00 00 00 00 00 00 04 FB AA 00 3C 13 61 AD 00 34 99 00 AB 23 65 2B C5 00 00 00 00 00 00 00 00 00 00 00 00 00 00 00 00 00 00 00 00 00 00 00 00 00 00 00 00 00 00 00 00 00 AE 00 00 AC 00 00 B0 01 D6 AF 01 D7 09 5F
[2026-08-20 16:42:57.133]# RECV HEX/69 <<<
AA 00 39 13 61 AD 00 31 99 00 AB 2C 5E 34 2E AC 01 D9 AE 01 D7 AF 01 D2 AC 01 D4 AC 01 D9 AC 01 E0 00 00 00 5B 00 00 00 00 00 00 00 00 A2 00 00 00 00 00 B0 00 00 B2 01 DF 10 C6 AA 00 3C 13 61 AD 00 34 99 00
[2026-08-20 16:42:57.133]# RECV HEX/1 <<<
AB
[2026-08-20 16:42:57.143]# RECV HEX/80 <<<
34 C7 3D 25 AD 01 EA 96 00 00 00 00 00 6F 00 00 72 00 00 00 00 00 00 00 00 00 00 00 00 00 00 00 00 00 00 00 00 00 00 00 A6 00 00 B3 12 44 A2 11 6B 0A B8 AA 00 3C 13 61 AD 00 34 98 00 AB 3D BD 46 14 00 00 00 00 00 00 00 00 00 00 00 00 00 00
[2026-08-20 16:42:57.154]# RECV HEX/92 <<<
00 00 00 00 00 00 00 00 00 00 00 00 00 00 00 00 00 00 00 00 00 00 00 00 00 00 00 00 00 00 00 04 D2 AA 00 3C 13 61 AD 00 34 98 00 AB 46 AB 4E FF 00 00 00 00 00 00 00 00 00 00 00 00 00 00 00 00 00 00 00 00 00 00 00 00 00 00 00 00 00 00 00 00 
00 00 00 00 00 00 00 00 00 00 00 00
[2026-08-20 16:42:57.164]# RECV HEX/65 <<<
00 05 BC AA 00 3C 13 61 AD 00 34 97 00 AB 4F 95 57 E2 00 00 00 00 00 00 00 00 00 00 00 00 00 00 00 00 00 00 58 00 00 AC 01 B1 AD 01 B1 99 01 B2 90 01 B4 80 01 B6 B0 01 B4 AC 01 B6 AD 01 B8 10 A5
[2026-08-20 16:42:57.175]# RECV HEX/65 <<<
AA 00 39 13 61 AD 00 31 97 00 AB 58 78 60 27 AE 01 BB AE 01 BE AE 01 C2 AC 01 C5 AD 01 CA AB 01 D0 AD 01 D5 AD 01 DB AE 01 E1 AF 01 E6 A3 00 00 AC 00 00 A4 02 01 00 00 00 15 A4 AA 00 3C 13 61 AD
[2026-08-20 16:42:57.185]# RECV HEX/81 <<<
00 34 97 00 AB 60 BD 69 0C 00 00 00 00 00 00 00 00 00 00 00 00 00 00 00 00 00 00 00 00 00 00 00 00 00 00 00 00 00 00 00 00 00 00 00 00 00 00 00 00 00 00 00 00 00 05 0F AA 00 3C 13 61 AD 00 34 97 00 AB 69 A2 71 ED 00 00 00 00 00 00 00 00 00 
00
[2026-08-20 16:42:57.185]# RECV HEX/12 <<<
00 00 00 00 00 00 00 00 00 00 00 00
[2026-08-20 16:42:57.195]# RECV HEX/80 <<<
00 00 00 00 00 00 00 00 00 00 00 00 00 00 00 00 00 00 00 00 00 00 00 05 E6 AA 00 3C 13 61 AD 00 34 98 00 AB 72 84 7A DD 4D 00 00 8A 03 12 74 00 00 8D 00 00 00 00 00 00 00 00 56 00 00 4B 03 5E 4E 03 68 B2 00 00 B3 00 00 00 00 00 AF 00 00 AD
[2026-08-20 16:42:57.206]# RECV HEX/69 <<<
09 3A B0 09 59 0D 89 AA 00 3C 13 61 AD 00 34 94 00 AB 7B 71 83 8C AF 08 E2 AE 09 07 B4 09 CF B2 09 DA B0 0A 76 AF 00 00 B2 09 52 B0 09 5B B0 09 63 00 00 00 B3 00 00 B1 09 BE B2 0A 00 B3 09 F3 B1 09 D4 16 2D
[2026-08-20 16:42:57.217]# RECV HEX/75 <<<
AA 00 3C 13 61 AD 00 34 92 00 AB 84 1E 8C 19 B0 09 95 B3 00 00 B3 0B EF B2 0B 9B B2 00 00 B4 0C C8 AE 00 00 B1 0F D6 B2 10 30 00 00 00 00 00 00 00 00 00 49 00 00 6F 1E 8A 79 1D C7 11 F2 AA 00 3F 13 61 AD 00 37 8F 00 AB 00 0A
[2026-08-20 16:42:57.217]# RECV HEX/1 <<<
08
[2026-08-20 16:42:57.227]# RECV HEX/76 <<<
78 B5 1E 3D 61 1E C1 68 00 00 5D 25 30 64 25 B2 AE 28 F1 4B 00 00 B3 00 00 B3 31 37 B2 31 73 B6 31 1F B1 30 9D B1 2F F1 B4 2F AD 6E 00 00 B3 25 AB 15 B6 AA 00 3F 13 61 AD 00 37 8F 00 AB 09 06 11 6E AD 25 82 B4 25 89 B1 00 00 B3
[2026-08-20 16:42:57.238]# RECV HEX/77 <<<
2F 54 B2 2F 1D B4 2E D8 B1 2E 98 B3 2E 6D B3 2E C2 B5 2E 78 B6 2E 78 B4 2E 83 B1 00 00 B3 05 AD B2 05 B3 B1 05 C5 18 DD AA 00 3F 13 61 AD 00 37 8B 00 AB 11 FA 1A 2D A0 05 E5 59 06 06 00 00 00 00 00 00 00 00 00 00 00 00 00 00 00 00
[2026-08-20 16:42:57.238]# RECV HEX/11 <<<
00 00 00 00 00 00 00 00 00 00 00
[2026-08-20 16:42:57.238]# RECV HEX/1 <<<
00
[2026-08-20 16:42:57.249]# RECV HEX/77 <<<
00 00 00 00 00 00 00 00 00 00 00 00 00 00 06 B8 AA 00 3F 13 61 AD 00 37 8B 00 AB 1A B6 22 C3 00 00 00 00 00 00 00 00 00 00 00 00 00 00 00 00 00 00 00 00 00 00 00 00 00 00 00 00 00 00 00 00 00 00 00 00 00 00 00 00 00 00 00 00 00 00
[2026-08-20 16:42:57.259]# RECV HEX/72 <<<
00 00 05 2C AA 00 42 13 61 AD 00 3A 87 00 AB 23 4A 2B BC 00 00 00 00 00 00 00 00 00 00 00 00 00 00 00 00 00 00 00 00 00 00 00 00 00 00 00 00 00 00 00 00 00 B3 00 00 AF 00 00 AE 01 D1 AE 01 CF AE 01 D1 AF 01 D2 0C 2F
[2026-08-20 16:42:57.269]# RECV HEX/68 <<<
AA 00 42 13 61 AD 00 3A 85 00 AB 2C 41 34 9A AB 01 D5 AE 01 D2 AF 01 CF AE 00 00 AC 01 D7 AB 01 DF 00 00 00 7F 00 00 00 00 00 00 00 00 00 00 00 B0 00 00 00 00 00 B0 00 00 B2 01 E6 AF 01 EC AE 01 F7 13 AA
[2026-08-20 16:42:57.280]# RECV HEX/68 <<<
AA 00 42 13 61 AD 00 3A 84 00 AB 35 1E 3D 6B 90 00 00 00 00 00 58 00 00 95 00 00 00 00 00 00 00 00 00 00 00 00 00 00 00 00 00 00 00 00 00 00 00 7A 00 00 B6 00 00 B1 12 F2 B1 12 0F B3 11 52 B3 10 A9 0C 27
[2026-08-20 16:42:57.290]# RECV HEX/68 <<<
AA 00 42 13 61 AD 00 3A 81 00 AB 3D EB 45 FC B4 10 0D A0 0F 75 5A 00 00 48 01 D8 00 00 00 00 00 00 00 00 00 00 00 00 00 00 00 00 00 00 00 00 00 00 00 00 00 00 00 00 00 00 00 00 00 00 00 00 00 00 00 09 4C
[2026-08-20 16:42:57.301]# RECV HEX/71 <<<
AA 00 45 13 61 AD 00 3D 7E 00 AB 46 7B 4E E3 00 00 00 00 00 00 00 00 00 00 00 00 00 00 00 00 00 00 00 00 00 00 00 00 00 00 00 00 00 00 00 00 00 00 00 00 00 00 00 00 00 00 00 00 00 00 00 00 00 00 00 00 00 00 05 68
[2026-08-20 16:42:57.311]# RECV HEX/71 <<<
AA 00 45 13 61 AD 00 3D 7B 00 AB 4F 5F 57 97 00 00 00 48 00 00 00 00 00 00 00 00 46 01 A7 00 00 00 6D 00 00 84 01 A8 AA 01 AE AB 01 AE A4 01 AF 87 01 B0 78 01 B2 71 01 B5 9E 01 B3 B0 01 B4 AF 01 B7 AB 01 B9 14 F3
[2026-08-20 16:42:57.322]# RECV HEX/74 <<<
AA 00 48 13 61 AD 00 40 79 00 AB 58 11 60 94 AD 01 BC AE 01 BF AE 01 C3 AD 01 C7 AC 01 CB AC 01 D0 AD 01 D5 AE 01 DA AD 01 DF AE 01 E6 AE 01 ED AE 01 F2 B2 00 00 59 00 00 AD 02 08 A1 02 11 00 00 00 00 00 00 00 00 00 19 69
[2026-08-20 16:42:57.332]# RECV HEX/74 <<<
AA 00 48 13 61 AD 00 40 76 00 AB 61 0A 69 5E 00 00 00 00 00 00 00 00 00 00 00 00 00 00 00 00 00 00 00 00 00 00 00 00 00 00 00 00 00 00 00 00 00 00 00 00 00 00 00 00 00 00 00 00 00 00 00 00 00 00 00 00 00 00 00 00 00 04 A6
[2026-08-20 16:42:57.343]# RECV HEX/74 <<<
AA 00 48 13 61 AD 00 40 76 00 AB 69 D1 71 F2 00 00 00 00 00 00 00 00 00 00 00 00 00 00 00 00 00 00 00 00 00 00 00 00 00 00 00 00 00 00 00 00 00 00 00 00 00 00 00 00 00 00 00 00 00 00 00 00 00 00 00 00 00 00 00 00 00 06 11
[2026-08-20 16:42:57.353]# RECV HEX/77 <<<
AA 00 4B 13 61 AD 00 43 72 00 AB 72 64 7A DE 78 00 00 00 00 00 00 00 00 00 00 00 4E 00 00 50 05 17 00 00 00 64 03 69 46 03 68 00 00 00 00 00 00 00 00 00 B6 00 00 A9 00 00 B3 09 41 AE 08 C1 B3 09 23 AF 09 43 B2 09 29 B1 08 D8 10 79
[2026-08-20 16:42:57.364]# RECV HEX/77 <<<
AA 00 4B 13 61 AD 00 43 72 00 AB 7B 4D 83 8C AC 08 E8 B2 09 99 B4 09 D2 AF 09 D2 B2 0A 7C B0 09 EB B1 09 94 B0 09 64 B2 09 5A B1 09 61 B1 09 67 B2 09 80 00 00 00 B1 00 00 B2 09 BF B0 0A 0F B1 0A 08 B0 09 FF AC 09 F7 B4 09 88 1D 89
[2026-08-20 16:42:57.375]# RECV HEX/80 <<<
AA 00 4E 13 61 AD 00 46 6B 00 AB 83 F9 8C 61 B2 09 CF B2 00 00 00 00 00 00 00 00 00 00 00 00 00 00 00 00 00 00 00 00 00 00 00 00 00 00 00 00 00 00 00 00 00 00 00 00 00 00 00 00 00 51 00 00 4E 00 00 74 00 00 51 1F 77 77 1D E5 8B 1E 2B 0C 61
[2026-08-20 16:42:57.385]# RECV HEX/68 <<<
AA 00 51 13 61 AD 00 49 69 00 AB 00 2A 08 C8 65 1E 85 59 00 00 62 25 60 59 25 23 5D 25 67 00 00 00 B1 00 00 00 00 00 B0 00 00 AF 30 F0 B2 31 13 B1 31 5B B4 31 2B B6 30 C1 B6 30 92 B5 30 2A B4 2F E5 B2 2F
[2026-08-20 16:42:57.395]# RECV HEX/57 <<<
5F 71 00 00 AE 26 07 B5 25 B2 B3 25 7B 1A 19 AA 00 4E 13 61 AD 00 46 66 00 AB 09 2E 11 33 B1 25 82 B2 26 96 B3 00 00 B2 2F 28 B3 2E F1 B3 2E C2 B2 2E AD B2 2E CD B2 2E C2
[2026-08-20 16:42:57.406]# RECV HEX/53 <<<
B3 2E 8D B3 2E AD B4 2E 8D B6 2E 63 B0 2E 78 B6 2E 58 00 00 00 B2 00 00 AE 05 C4 B1 05 C9 AF 05 D4 AF 05 E5 1F CB AA 00 54 13 61 AD 00 4C 62 00 AB 11 99 1A 10
[2026-08-20 16:42:57.416]# RECV HEX/71 <<<
9D 05 FF 7A 06 18 00 00 00 00 00 00 00 00 00 00 00 00 00 00 00 00 00 00 00 00 00 00 00 00 00 00 00 00 00 00 00 00 00 00 00 00 00 00 00 00 00 00 00 00 00 00 00 00 00 00 00 00 00 00 00 00 00 00 00 00 00 00 00 06 85
[2026-08-20 16:42:57.427]# RECV HEX/89 <<<
AA 00 57 13 61 AD 00 4F 5F 00 AB 1A 71 23 02 00 00 00 00 00 00 00 00 00 00 00 00 00 00 00 00 00 00 00 00 00 00 00 00 00 00 00 00 00 00 00 00 00 00 00 00 00 00 00 00 00 00 00 00 00 00 00 00 00 00 00 00 00 00 00 00 00 00 00 00 00 00 00 00 00 
00 00 00 00 00 00 00 04 2B
[2026-08-20 16:42:57.437]# RECV HEX/75 <<<
AA 00 57 13 61 AD 00 4F 5F 00 AB 23 5F 2B A7 00 00 00 00 00 00 00 00 00 00 00 00 00 00 00 00 00 00 00 00 00 00 00 00 00 00 00 00 00 00 00 00 00 00 00 00 00 00 00 00 00 00 00 00 00 00 00 00 00 00 00 AE 00 00 AD 01 DC B0 01 D8
[2026-08-20 16:42:57.447]# RECV HEX/38 <<<
AD 01 D7 AF 01 D8 AF 01 D7 AE 01 D4 0E A7 AA 00 5A 13 61 AD 00 52 5C 00 AB 2C 01 34 68 AD 01 D1 AD 01 CE AE 01 CD
[2026-08-20 16:42:57.458]# RECV HEX/68 <<<
AC 01 CD AD 01 CF AC 01 D1 A9 01 D4 AB 01 D7 AA 01 DD AC 01 D4 00 00 00 00 00 00 00 00 00 00 00 00 00 00 00 5C 00 00 AF 02 A8 00 00 00 AF 00 00 B0 01 D4 AF 01 D7 AC 01 DC AF 01 E3 95 00 00 00 00 00 1C 5E
[2026-08-20 16:42:57.468]# RECV HEX/98 <<<
AA 00 60 13 61 AD 00 58 55 00 AB 34 C0 3D 62 00 00 00 8C 00 00 AF 00 00 AD 02 5B AE 02 69 8F 00 00 00 00 00 00 00 00 00 00 00 00 00 00 00 00 00 00 00 00 00 00 00 00 00 00 00 00 00 00 00 00 00 00 00 00 00 00 00 00 00 00 00 00 00 00 00 00 00 
00 00 00 00 00 00 00 00 00 00 00 00 00 00 00 00 09 03
[2026-08-20 16:42:57.479]# RECV HEX/45 <<<
AA 00 60 13 61 AD 00 58 51 00 AB 3D B4 46 02 00 00 00 00 00 00 00 00 00 00 00 00 00 00 00 00 00 00 00 00 00 00 00 00 00 00 00 00 00 00
[2026-08-20 16:42:57.489]# RECV HEX/53 <<<
00 00 00 00 00 00 00 00 00 00 00 00 00 00 00 00 00 00 00 00 00 00 00 00 00 00 00 00 00 00 00 00 00 00 00 00 00 00 00 00 00 00 00 00 00 00 00 00 00 00 00 04 B8
[2026-08-20 16:42:57.500]# RECV HEX/104 <<<
AA 00 66 13 61 AD 00 5E 51 00 AB 46 53 4E E4 00 00 00 00 00 00 00 00 00 00 00 00 00 00 00 00 00 00 00 00 00 00 00 00 00 00 00 00 00 00 00 00 00 00 00 00 00 00 00 00 00 00 00 00 00 00 00 00 00 00 00 00 00 00 00 00 00 00 00 00 00 00 00 00 00 
00 00 00 00 00 00 00 00 00 00 00 00 00 00 00 00 00 00 00 00 00 00 05 56
[2026-08-20 16:42:57.510]# RECV HEX/11 <<<
AA 00 09 13 61 AE 00 01 4E 02 24
[2026-08-20 16:42:57.531]# RECV HEX/11 <<<
AA 00 09 13 61 AE 00 01 46 02 1C
[2026-08-20 16:42:57.552]# RECV HEX/11 <<<
AA 00 09 13 61 AE 00 01 46 02 1C
[2026-08-20 16:42:57.572]# RECV HEX/11 <<<
AA 00 09 13 61 AE 00 01 43 02 19
[2026-08-20 16:42:57.593]# RECV HEX/11 <<<
AA 00 09 13 61 AE 00 01 3D 02 13
[2026-08-20 16:42:57.614]# RECV HEX/11 <<<
AA 00 09 13 61 AE 00 01 38 02 0E
[2026-08-20 16:42:57.634]# RECV HEX/11 <<<
AA 00 09 13 61 AE 00 01 38 02 0E
[2026-08-20 16:42:57.665]# RECV HEX/11 <<<
AA 00 09 13 61 AE 00 01 2C 02 02
[2026-08-20 16:42:57.696]# RECV HEX/11 <<<
AA 00 09 13 61 AE 00 01 27 01 FD
[2026-08-20 16:42:57.737]# RECV HEX/11 <<<
AA 00 09 13 61 AE 00 01 27 01 FD
[2026-08-20 16:42:57.809]# RECV HEX/11 <<<
AA 00 09 13 61 AE 00 01 1E 01 F4
[2026-08-20 16:43:12.747]# RECV HEX/11 <<<
AA 00 09 13 61 AE 00 01 11 01 E7
[2026-08-20 16:43:12.778]# RECV HEX/11 <<<
AA 00 09 13 61 AE 00 01 29 01 FF
[2026-08-20 16:43:12.799]# RECV HEX/11 <<<
AA 00 09 13 61 AE 00 01 31 02 07
[2026-08-20 16:43:12.820]# RECV HEX/5 <<<
AA 00 09 13 61
[2026-08-20 16:43:12.831]# RECV HEX/6 <<<
AE 00 01 31 02 07
[2026-08-20 16:43:12.841]# RECV HEX/10 <<<
AA 00 09 13 61 AE 00 01 31 02
[2026-08-20 16:43:12.852]# RECV HEX/1 <<<
07
[2026-08-20 16:43:12.862]# RECV HEX/11 <<<
AA 00 09 13 61 AE 00 01 43 02 19
[2026-08-20 16:43:12.883]# RECV HEX/11 <<<
AA 00 09 13 61 AE 00 01 49 02 1F
[2026-08-20 16:43:12.893]# RECV HEX/11 <<<
AA 00 09 13 61 AE 00 01 49 02 1F
[2026-08-20 16:43:12.914]# RECV HEX/11 <<<
AA 00 09 13 61 AE 00 01 4F 02 25
[2026-08-20 16:43:12.924]# RECV HEX/11 <<<
AA 00 09 13 61 AE 00 01 59 02 2F
[2026-08-20 16:43:12.945]# RECV HEX/11 <<<
AA 00 09 13 61 AE 00 01 59 02 2F
[2026-08-20 16:43:12.956]# RECV HEX/11 <<<
AA 00 09 13 61 AE 00 01 5C 02 32
[2026-08-20 16:43:12.966]# RECV HEX/11 <<<
AA 00 09 13 61 AE 00 01 63 02 39
[2026-08-20 16:43:12.977]# RECV HEX/11 <<<
AA 00 09 13 61 AE 00 01 63 02 39
[2026-08-20 16:43:12.987]# RECV HEX/11 <<<
AA 00 09 13 61 AE 00 01 69 02 3F
[2026-08-20 16:43:12.998]# RECV HEX/11 <<<
AA 00 09 13 61 AE 00 01 69 02 3F
[2026-08-20 16:43:13.008]# RECV HEX/9 <<<
AA 00 09 13 61 AE 00 01 6C
[2026-08-20 16:43:13.018]# RECV HEX/2 <<<
02 42
[2026-08-20 16:43:13.029]# RECV HEX/11 <<<
AA 00 09 13 61 AE 00 01 6F 02 45
[2026-08-20 16:43:13.039]# RECV HEX/11 <<<
AA 00 09 13 61 AE 00 01 6F 02 45
[2026-08-20 16:43:13.050]# RECV HEX/11 <<<
AA 00 09 13 61 AE 00 01 6F 02 45
[2026-08-20 16:43:13.060]# RECV HEX/11 <<<
AA 00 09 13 61 AE 00 01 70 02 46
[2026-08-20 16:43:13.071]# RECV HEX/11 <<<
AA 00 09 13 61 AE 00 01 70 02 46
[2026-08-20 16:43:13.081]# RECV HEX/11 <<<
AA 00 09 13 61 AE 00 01 6C 02 42
[2026-08-20 16:43:13.092]# RECV HEX/11 <<<
AA 00 09 13 61 AE 00 01 6C 02 42
[2026-08-20 16:43:13.102]# RECV HEX/11 <<<
AA 00 09 13 61 AE 00 01 6B 02 41
[2026-08-20 16:43:13.113]# RECV HEX/11 <<<
AA 00 09 13 61 AE 00 01 68 02 3E
[2026-08-20 16:43:13.133]# RECV HEX/11 <<<
AA 00 09 13 61 AE 00 01 63 02 39
[2026-08-20 16:43:13.144]# RECV HEX/11 <<<
AA 00 09 13 61 AE 00 01 61 02 37
[2026-08-20 16:43:13.155]# RECV HEX/11 <<<
AA 00 09 13 61 AE 00 01 65 02 3B
[2026-08-20 16:43:13.165]# RECV HEX/11 <<<
AA 00 09 13 61 AE 00 01 67 02 3D
[2026-08-20 16:43:13.175]# RECV HEX/11 <<<
AA 00 09 13 61 AE 00 01 67 02 3D
[2026-08-20 16:43:13.186]# RECV HEX/10 <<<
AA 00 09 13 61 AE 00 01 69 02
[2026-08-20 16:43:13.196]# RECV HEX/1 <<<
3F
[2026-08-20 16:43:13.207]# RECV HEX/11 <<<
AA 00 09 13 61 AE 00 01 69 02 3F
[2026-08-20 16:43:13.217]# RECV HEX/11 <<<
AA 00 09 13 61 AE 00 01 6D 02 43
[2026-08-20 16:43:13.228]# RECV HEX/11 <<<
AA 00 09 13 61 AE 00 01 71 02 47
[2026-08-20 16:43:13.238]# RECV HEX/11 <<<
AA 00 09 13 61 AE 00 01 75 02 4B
[2026-08-20 16:43:13.249]# RECV HEX/11 <<<
AA 00 09 13 61 AE 00 01 75 02 4B
[2026-08-20 16:43:13.259]# RECV HEX/11 <<<
AA 00 09 13 61 AE 00 01 79 02 4F
[2026-08-20 16:43:13.269]# RECV HEX/11 <<<
AA 00 09 13 61 AE 00 01 7B 02 51
[2026-08-20 16:43:13.280]# RECV HEX/11 <<<
AA 00 09 13 61 AE 00 01 7B 02 51
[2026-08-20 16:43:13.291]# RECV HEX/11 <<<
AA 00 09 13 61 AE 00 01 7D 02 53
[2026-08-20 16:43:13.301]# RECV HEX/22 <<<
AA 00 09 13 61 AE 00 01 7F 02 55 AA 00 09 13 61 AE 00 01 83 02 59
[2026-08-20 16:43:13.312]# RECV HEX/11 <<<
AA 00 09 13 61 AE 00 01 83 02 59
[2026-08-20 16:43:13.322]# RECV HEX/11 <<<
AA 00 09 13 61 AE 00 01 85 02 5B
[2026-08-20 16:43:13.332]# RECV HEX/11 <<<
AA 00 09 13 61 AE 00 01 87 02 5D
[2026-08-20 16:43:13.343]# RECV HEX/11 <<<
AA 00 09 13 61 AE 00 01 87 02 5D
[2026-08-20 16:43:13.353]# RECV HEX/11 <<<
AA 00 09 13 61 AE 00 01 89 02 5F
[2026-08-20 16:43:13.363]# RECV HEX/11 <<<
AA 00 09 13 61 AE 00 01 8B 02 61
[2026-08-20 16:43:13.374]# RECV HEX/11 <<<
AA 00 09 13 61 AE 00 01 8B 02 61
[2026-08-20 16:43:13.374]# RECV HEX/11 <<<
AA 00 09 13 61 AE 00 01 8D 02 63
[2026-08-20 16:43:13.384]# RECV HEX/11 <<<
AA 00 09 13 61 AE 00 01 8D 02 63
[2026-08-20 16:43:13.395]# RECV HEX/11 <<<
AA 00 09 13 61 AE 00 01 8E 02 64
[2026-08-20 16:43:13.405]# RECV HEX/11 <<<
AA 00 09 13 61 AE 00 01 8F 02 65
[2026-08-20 16:43:13.416]# RECV HEX/11 <<<
AA 00 09 13 61 AE 00 01 90 02 66
[2026-08-20 16:43:13.426]# RECV HEX/20 <<<
AA 00 09 13 61 AE 00 01 90 02 66 AA 00 09 13 61 AE 00 01 92
[2026-08-20 16:43:13.436]# RECV HEX/13 <<<
02 68 AA 00 09 13 61 AE 00 01 92 02 68
[2026-08-20 16:43:13.447]# RECV HEX/11 <<<
AA 00 09 13 61 AE 00 01 94 02 6A
[2026-08-20 16:43:13.457]# RECV HEX/11 <<<
AA 00 09 13 61 AE 00 01 94 02 6A
[2026-08-20 16:43:13.468]# RECV HEX/11 <<<
AA 00 09 13 61 AE 00 01 94 02 6A
[2026-08-20 16:43:13.478]# RECV HEX/22 <<<
AA 00 09 13 61 AE 00 01 97 02 6D AA 00 09 13 61 AE 00 01 97 02 6D
[2026-08-20 16:43:13.489]# RECV HEX/11 <<<
AA 00 09 13 61 AE 00 01 97 02 6D
[2026-08-20 16:43:13.499]# RECV HEX/11 <<<
AA 00 09 13 61 AE 00 01 97 02 6D
[2026-08-20 16:43:13.510]# RECV HEX/13 <<<
AA 00 09 13 61 AE 00 01 98 02 6E AA 00
[2026-08-20 16:43:13.520]# RECV HEX/20 <<<
09 13 61 AE 00 01 98 02 6E AA 00 09 13 61 AE 00 01 98 02 6E
[2026-08-20 16:43:13.530]# RECV HEX/11 <<<
AA 00 09 13 61 AE 00 01 98 02 6E
[2026-08-20 16:43:13.541]# RECV HEX/11 <<<
AA 00 09 13 61 AE 00 01 98 02 6E
[2026-08-20 16:43:13.551]# RECV HEX/22 <<<
AA 00 09 13 61 AE 00 01 99 02 6F AA 00 09 13 61 AE 00 01 99 02 6F
[2026-08-20 16:43:13.562]# RECV HEX/11 <<<
AA 00 09 13 61 AE 00 01 99 02 6F
[2026-08-20 16:43:13.573]# RECV HEX/11 <<<
AA 00 09 13 61 AE 00 01 9C 02 72
[2026-08-20 16:43:13.584]# RECV HEX/20 <<<
AA 00 09 13 61 AE 00 01 9C 02 72 AA 00 09 13 61 AE 00 01 9B
[2026-08-20 16:43:13.584]# RECV HEX/2 <<<
02 71
[2026-08-20 16:43:13.594]# RECV HEX/11 <<<
AA 00 09 13 61 AE 00 01 9B 02 71
[2026-08-20 16:43:13.605]# RECV HEX/11 <<<
AA 00 09 13 61 AE 00 01 9E 02 74
[2026-08-20 16:43:13.616]# RECV HEX/22 <<<
AA 00 09 13 61 AE 00 01 9D 02 73 AA 00 09 13 61 AE 00 01 9E 02 74
[2026-08-20 16:43:13.626]# RECV HEX/11 <<<
AA 00 09 13 61 AE 00 01 9E 02 74
[2026-08-20 16:43:13.637]# RECV HEX/11 <<<
AA 00 09 13 61 AE 00 01 9E 02 74
[2026-08-20 16:43:13.647]# RECV HEX/22 <<<
AA 00 09 13 61 AE 00 01 9F 02 75 AA 00 09 13 61 AE 00 01 9E 02 74
[2026-08-20 16:43:13.658]# RECV HEX/44 <<<
AA 00 3C 13 61 AD 00 34 9E 00 AB 46 85 4E 78 00 00 00 00 00 00 00 00 00 00 00 00 00 00 00 00 00 00 00 00 00 00 00 00 00 00 00 00 00
[2026-08-20 16:43:13.668]# RECV HEX/80 <<<
00 00 00 00 00 00 00 00 00 00 00 00 00 00 00 00 05 15 AA 00 3C 13 61 AD 00 34 9E 00 AB 4F 24 57 CE 00 00 00 00 00 00 00 00 00 00 00 00 00 00 00 4C 00 00 81 01 A9 AB 01 B0 A6 01 B0 70 01 B1 6F 01 B3 77 01 B2 B2 01 B4 B2 01 B5 AF 01 B7 10 EB
[2026-08-20 16:43:13.679]# RECV HEX/75 <<<
AA 00 39 13 61 AD 00 31 9E 00 AB 58 6B 60 6F AD 01 BA AD 01 BD AD 01 C1 AC 01 C6 AE 01 CB AD 01 D0 AC 01 D6 AD 01 DD B0 01 E2 B0 00 00 AB 00 00 A3 01 FD 00 00 00 00 00 00 15 5A AA 00 39 13 61 AD 00 31 9E 00 AB 61 0D 69 1A 00
[2026-08-20 16:43:13.689]# RECV HEX/84 <<<
00 00 00 00 00 00 00 00 00 00 00 00 00 00 00 00 00 00 00 00 00 00 00 00 00 00 00 00 00 00 00 00 00 00 00 00 00 00 00 00 00 04 6F AA 00 39 13 61 AD 00 31 9F 00 AB 69 B7 71 CD 00 00 00 00 00 00 00 00 00 00 00 00 00 00 00 00 00 00 00 00 00 00 
00 00 00 00
[2026-08-20 16:43:13.700]# RECV HEX/77 <<<
00 00 00 00 00 00 00 00 00 00 00 00 00 00 00 00 05 DD AA 00 39 13 61 AD 00 31 A0 00 AB 72 6B 7A 92 00 00 00 9A 00 00 60 00 00 8C 00 00 00 00 00 49 00 00 00 00 00 6B 00 00 00 00 00 B2 00 00 B2 00 00 B5 00 00 B3 09 38 B3 09 51 0B BD
[2026-08-20 16:43:13.711]# RECV HEX/81 <<<
AA 00 39 13 61 AD 00 31 A0 00 AB 7B 32 83 56 AF 08 DF AF 09 54 B4 09 C8 AF 09 E6 B2 0A 02 B1 09 7F AE 09 54 AF 09 54 B2 09 72 B4 09 BE B6 09 B6 AF 09 FA B2 09 EC B0 09 E9 17 F1 AA 00 39 13 61 AD 00 31 A0 00 AB 83 F5 8C 19 AF 09 9B B2 00 00 
B2
[2026-08-20 16:43:13.721]# RECV HEX/85 <<<
0B D5 A5 0C 5B 00 00 00 00 00 00 B4 00 00 B4 10 0E B1 10 7B B7 10 EC B4 11 4F 4C 00 00 73 1E 66 75 1D BE 12 5C AA 00 39 13 61 AD 00 31 A0 00 AB 00 19 08 3E 70 1E 3D 00 00 00 5C 00 00 59 25 37 00 00 00 68 00 00 B0 00 00 B3 31 37 B4 31 8B B3 
30 F0 B5 30 63
[2026-08-20 16:43:13.731]# RECV HEX/22 <<<
B2 2F CF B2 2F 5F A8 00 00 10 11 AA 00 09 13 61 AE 00 01 A2 02 78
[2026-08-20 16:43:13.742]# RECV HEX/22 <<<
AA 00 09 13 61 AE 00 01 A1 02 77 AA 00 09 13 61 AE 00 01 A1 02 77
[2026-08-20 16:43:13.752]# RECV HEX/11 <<<
AA 00 09 13 61 AE 00 01 A1 02 77
[2026-08-20 16:43:13.763]# RECV HEX/11 <<<
AA 00 09 13 61 AE 00 01 A1 02 77
[2026-08-20 16:43:13.773]# RECV HEX/22 <<<
AA 00 09 13 61 AE 00 01 A2 02 78 AA 00 09 13 61 AE 00 01 A1 02 77
[2026-08-20 16:43:13.784]# RECV HEX/11 <<<
AA 00 09 13 61 AE 00 01 A1 02 77
[2026-08-20 16:43:13.794]# RECV HEX/11 <<<
AA 00 09 13 61 AE 00 01 A1 02 77
[2026-08-20 16:43:13.804]# RECV HEX/22 <<<
AA 00 09 13 61 AE 00 01 A0 02 76 AA 00 09 13 61 AE 00 01 A0 02 76
[2026-08-20 16:43:13.815]# RECV HEX/11 <<<
AA 00 09 13 61 AE 00 01 A0 02 76
[2026-08-20 16:43:13.826]# RECV HEX/11 <<<
AA 00 09 13 61 AE 00 01 A3 02 79
[2026-08-20 16:43:13.836]# RECV HEX/22 <<<
AA 00 09 13 61 AE 00 01 A3 02 79 AA 00 09 13 61 AE 00 01 A2 02 78
[2026-08-20 16:43:13.846]# RECV HEX/11 <<<
AA 00 09 13 61 AE 00 01 A2 02 78
[2026-08-20 16:43:13.857]# RECV HEX/16 <<<
AA 00 09 13 61 AE 00 01 A4 02 7A AA 00 09 13 61
[2026-08-20 16:43:13.867]# RECV HEX/17 <<<
AE 00 01 A3 02 79 AA 00 09 13 61 AE 00 01 A3 02 79
[2026-08-20 16:43:13.878]# RECV HEX/11 <<<
AA 00 09 13 61 AE 00 01 A3 02 79
[2026-08-20 16:43:13.888]# RECV HEX/19 <<<
AA 00 09 13 61 AE 00 01 A3 02 79 AA 00 09 13 61 AE 00 01
[2026-08-20 16:43:13.899]# RECV HEX/14 <<<
A4 02 7A AA 00 09 13 61 AE 00 01 A2 02 78
[2026-08-20 16:43:13.909]# RECV HEX/11 <<<
AA 00 09 13 61 AE 00 01 A2 02 78
[2026-08-20 16:43:13.920]# RECV HEX/20 <<<
AA 00 09 13 61 AE 00 01 A2 02 78 AA 00 09 13 61 AE 00 01 A2
[2026-08-20 16:43:13.930]# RECV HEX/13 <<<
02 78 AA 00 09 13 61 AE 00 01 A2 02 78
[2026-08-20 16:43:13.940]# RECV HEX/11 <<<
AA 00 09 13 61 AE 00 01 A2 02 78
[2026-08-20 16:43:13.951]# RECV HEX/21 <<<
AA 00 09 13 61 AE 00 01 A4 02 7A AA 00 09 13 61 AE 00 01 A3 02
[2026-08-20 16:43:13.951]# RECV HEX/1 <<<
79
[2026-08-20 16:43:13.961]# RECV HEX/11 <<<
AA 00 09 13 61 AE 00 01 A3 02 79
[2026-08-20 16:43:13.971]# RECV HEX/11 <<<
AA 00 09 13 61 AE 00 01 A3 02 79
[2026-08-20 16:43:13.982]# RECV HEX/22 <<<
AA 00 09 13 61 AE 00 01 A5 02 7B AA 00 09 13 61 AE 00 01 A4 02 7A
[2026-08-20 16:43:13.993]# RECV HEX/11 <<<
AA 00 09 13 61 AE 00 01 A4 02 7A
[2026-08-20 16:43:14.003]# RECV HEX/16 <<<
AA 00 09 13 61 AE 00 01 A4 02 7A AA 00 09 13 61
[2026-08-20 16:43:14.014]# RECV HEX/17 <<<
AE 00 01 A4 02 7A AA 00 09 13 61 AE 00 01 A5 02 7B
[2026-08-20 16:43:14.024]# RECV HEX/11 <<<
AA 00 09 13 61 AE 00 01 A3 02 79
[2026-08-20 16:43:14.034]# RECV HEX/20 <<<
AA 00 09 13 61 AE 00 01 A3 02 79 AA 00 09 13 61 AE 00 01 A3
[2026-08-20 16:43:14.045]# RECV HEX/13 <<<
02 79 AA 00 09 13 61 AE 00 01 A3 02 79
[2026-08-20 16:43:14.055]# RECV HEX/11 <<<
AA 00 09 13 61 AE 00 01 A3 02 79
[2026-08-20 16:43:14.065]# RECV HEX/22 <<<
AA 00 09 13 61 AE 00 01 A3 02 79 AA 00 09 13 61 AE 00 01 A3 02 79
[2026-08-20 16:43:14.076]# RECV HEX/11 <<<
AA 00 09 13 61 AE 00 01 A5 02 7B
[2026-08-20 16:43:14.086]# RECV HEX/11 <<<
AA 00 09 13 61 AE 00 01 A4 02 7A
[2026-08-20 16:43:14.097]# RECV HEX/22 <<<
AA 00 09 13 61 AE 00 01 A4 02 7A AA 00 09 13 61 AE 00 01 A4 02 7A
[2026-08-20 16:43:14.107]# RECV HEX/11 <<<
AA 00 09 13 61 AE 00 01 A6 02 7C
[2026-08-20 16:43:14.117]# RECV HEX/11 <<<
AA 00 09 13 61 AE 00 01 A5 02 7B
[2026-08-20 16:43:14.128]# RECV HEX/22 <<<
AA 00 09 13 61 AE 00 01 A5 02 7B AA 00 09 13 61 AE 00 01 A5 02 7B
[2026-08-20 16:43:14.138]# RECV HEX/11 <<<
AA 00 09 13 61 AE 00 01 A6 02 7C
[2026-08-20 16:43:14.148]# RECV HEX/13 <<<
AA 00 09 13 61 AE 00 01 A4 02 7A AA 00
[2026-08-20 16:43:14.159]# RECV HEX/20 <<<
09 13 61 AE 00 01 A4 02 7A AA 00 09 13 61 AE 00 01 A4 02 7A
[2026-08-20 16:43:14.169]# RECV HEX/11 <<<
AA 00 09 13 61 AE 00 01 A3 02 79
[2026-08-20 16:43:14.180]# RECV HEX/22 <<<
AA 00 09 13 61 AE 00 01 A3 02 79 AA 00 09 13 61 AE 00 01 A4 02 7A
[2026-08-20 16:43:14.190]# RECV HEX/11 <<<
AA 00 09 13 61 AE 00 01 A5 02 7B
[2026-08-20 16:43:14.201]# RECV HEX/11 <<<
AA 00 09 13 61 AE 00 01 A4 02 7A
[2026-08-20 16:43:14.211]# RECV HEX/22 <<<
AA 00 09 13 61 AE 00 01 A4 02 7A AA 00 09 13 61 AE 00 01 A4 02 7A
[2026-08-20 16:43:14.222]# RECV HEX/11 <<<
AA 00 09 13 61 AE 00 01 A4 02 7A
[2026-08-20 16:43:14.233]# RECV HEX/14 <<<
AA 00 09 13 61 AE 00 01 A7 02 7D AA 00 09
[2026-08-20 16:43:14.243]# RECV HEX/19 <<<
13 61 AE 00 01 A5 02 7B AA 00 09 13 61 AE 00 01 A5 02 7B
[2026-08-20 16:43:14.253]# RECV HEX/11 <<<
AA 00 09 13 61 AE 00 01 A5 02 7B
[2026-08-20 16:43:14.264]# RECV HEX/22 <<<
AA 00 09 13 61 AE 00 01 A6 02 7C AA 00 09 13 61 AE 00 01 A4 02 7A
[2026-08-20 16:43:14.274]# RECV HEX/11 <<<
AA 00 09 13 61 AE 00 01 A4 02 7A
[2026-08-20 16:43:14.285]# RECV HEX/11 <<<
AA 00 09 13 61 AE 00 01 A4 02 7A
[2026-08-20 16:43:14.295]# RECV HEX/22 <<<
AA 00 09 13 61 AE 00 01 A4 02 7A AA 00 09 13 61 AE 00 01 A4 02 7A
[2026-08-20 16:43:14.306]# RECV HEX/11 <<<
AA 00 09 13 61 AE 00 01 A4 02 7A
[2026-08-20 16:43:14.316]# RECV HEX/17 <<<
AA 00 09 13 61 AE 00 01 A6 02 7C AA 00 09 13 61 AE
[2026-08-20 16:43:14.327]# RECV HEX/16 <<<
00 01 A6 02 7C AA 00 09 13 61 AE 00 01 A5 02 7B
[2026-08-20 16:43:14.337]# RECV HEX/11 <<<
AA 00 09 13 61 AE 00 01 A5 02 7B
[2026-08-20 16:43:14.348]# RECV HEX/22 <<<
AA 00 09 13 61 AE 00 01 A7 02 7D AA 00 09 13 61 AE 00 01 A7 02 7D
[2026-08-20 16:43:14.358]# RECV HEX/11 <<<
AA 00 09 13 61 AE 00 01 A6 02 7C
[2026-08-20 16:43:14.368]# RECV HEX/11 <<<
AA 00 09 13 61 AE 00 01 A6 02 7C
[2026-08-20 16:43:14.379]# RECV HEX/22 <<<
AA 00 09 13 61 AE 00 01 A6 02 7C AA 00 09 13 61 AE 00 01 A5 02 7B
[2026-08-20 16:43:14.389]# RECV HEX/11 <<<
AA 00 09 13 61 AE 00 01 A5 02 7B
[2026-08-20 16:43:14.399]# RECV HEX/12 <<<
AA 00 09 13 61 AE 00 01 A4 02 7A AA
[2026-08-20 16:43:14.410]# RECV HEX/21 <<<
00 09 13 61 AE 00 01 A4 02 7A AA 00 09 13 61 AE 00 01 A4 02 7A
[2026-08-20 16:43:14.421]# RECV HEX/11 <<<
AA 00 09 13 61 AE 00 01 A4 02 7A
[2026-08-20 16:43:14.431]# RECV HEX/22 <<<
AA 00 09 13 61 AE 00 01 A4 02 7A AA 00 09 13 61 AE 00 01 A4 02 7A
[2026-08-20 16:43:14.442]# RECV HEX/11 <<<
AA 00 09 13 61 AE 00 01 A6 02 7C
[2026-08-20 16:43:14.452]# RECV HEX/11 <<<
AA 00 09 13 61 AE 00 01 A5 02 7B
[2026-08-20 16:43:14.462]# RECV HEX/22 <<<
AA 00 09 13 61 AE 00 01 A5 02 7B AA 00 09 13 61 AE 00 01 A7 02 7D
[2026-08-20 16:43:14.473]# RECV HEX/11 <<<
AA 00 09 13 61 AE 00 01 A7 02 7D
[2026-08-20 16:43:14.484]# RECV HEX/22 <<<
AA 00 09 13 61 AE 00 01 A6 02 7C AA 00 09 13 61 AE 00 01 A6 02 7C
[2026-08-20 16:43:14.494]# RECV HEX/11 <<<
AA 00 09 13 61 AE 00 01 A6 02 7C
[2026-08-20 16:43:14.504]# RECV HEX/11 <<<
AA 00 09 13 61 AE 00 01 A5 02 7B
[2026-08-20 16:43:14.515]# RECV HEX/22 <<<
AA 00 09 13 61 AE 00 01 A5 02 7B AA 00 09 13 61 AE 00 01 A4 02 7A
[2026-08-20 16:43:14.525]# RECV HEX/11 <<<
AA 00 09 13 61 AE 00 01 A4 02 7A
[2026-08-20 16:43:14.536]# RECV HEX/11 <<<
AA 00 09 13 61 AE 00 01 A4 02 7A
[2026-08-20 16:43:14.546]# RECV HEX/22 <<<
AA 00 09 13 61 AE 00 01 A4 02 7A AA 00 09 13 61 AE 00 01 A4 02 7A
[2026-08-20 16:43:14.557]# RECV HEX/11 <<<
AA 00 09 13 61 AE 00 01 A4 02 7A
[2026-08-20 16:43:14.567]# RECV HEX/21 <<<
AA 00 09 13 61 AE 00 01 A5 02 7B AA 00 09 13 61 AE 00 01 A5 02
[2026-08-20 16:43:14.578]# RECV HEX/12 <<<
7B AA 00 09 13 61 AE 00 01 A5 02 7B
[2026-08-20 16:43:14.588]# RECV HEX/11 <<<
AA 00 09 13 61 AE 00 01 A7 02 7D
[2026-08-20 16:43:14.599]# RECV HEX/22 <<<
AA 00 09 13 61 AE 00 01 A7 02 7D AA 00 09 13 61 AE 00 01 A6 02 7C
[2026-08-20 16:43:14.609]# RECV HEX/11 <<<
AA 00 09 13 61 AE 00 01 A5 02 7B
[2026-08-20 16:43:14.620]# RECV HEX/11 <<<
AA 00 09 13 61 AE 00 01 A5 02 7B
[2026-08-20 16:43:14.630]# RECV HEX/22 <<<
AA 00 09 13 61 AE 00 01 A4 02 7A AA 00 09 13 61 AE 00 01 A4 02 7A
[2026-08-20 16:43:14.641]# RECV HEX/11 <<<
AA 00 09 13 61 AE 00 01 A4 02 7A
[2026-08-20 16:43:14.651]# RECV HEX/14 <<<
AA 00 09 13 61 AE 00 01 A4 02 7A AA 00 09
[2026-08-20 16:43:14.651]# RECV HEX/8 <<<
13 61 AE 00 01 A4 02 7A
[2026-08-20 16:43:14.661]# RECV HEX/11 <<<
AA 00 09 13 61 AE 00 01 A3 02 79
[2026-08-20 16:43:14.672]# RECV HEX/11 <<<
AA 00 09 13 61 AE 00 01 A3 02 79
[2026-08-20 16:43:14.682]# RECV HEX/22 <<<
AA 00 09 13 61 AE 00 01 A4 02 7A AA 00 09 13 61 AE 00 01 A4 02 7A
[2026-08-20 16:43:14.693]# RECV HEX/11 <<<
AA 00 09 13 61 AE 00 01 A4 02 7A
[2026-08-20 16:43:14.703]# RECV HEX/11 <<<
AA 00 09 13 61 AE 00 01 A4 02 7A
[2026-08-20 16:43:14.714]# RECV HEX/22 <<<
AA 00 09 13 61 AE 00 01 A4 02 7A AA 00 09 13 61 AE 00 01 A6 02 7C
[2026-08-20 16:43:14.725]# RECV HEX/11 <<<
AA 00 09 13 61 AE 00 01 A5 02 7B
[2026-08-20 16:43:14.735]# RECV HEX/22 <<<
AA 00 09 13 61 AE 00 01 A5 02 7B AA 00 09 13 61 AE 00 01 A6 02 7C
[2026-08-20 16:43:14.745]# RECV HEX/11 <<<
AA 00 09 13 61 AE 00 01 A6 02 7C
[2026-08-20 16:43:14.756]# RECV HEX/11 <<<
AA 00 09 13 61 AE 00 01 A4 02 7A
[2026-08-20 16:43:14.766]# RECV HEX/22 <<<
AA 00 09 13 61 AE 00 01 A4 02 7A AA 00 09 13 61 AE 00 01 A3 02 79
[2026-08-20 16:43:14.777]# RECV HEX/11 <<<
AA 00 09 13 61 AE 00 01 A2 02 78
[2026-08-20 16:43:14.788]# RECV HEX/11 <<<
AA 00 09 13 61 AE 00 01 A3 02 79
[2026-08-20 16:43:14.788]# RECV HEX/5 <<<
AA 00 09 13 61
[2026-08-20 16:43:14.798]# RECV HEX/17 <<<
AE 00 01 A3 02 79 AA 00 09 13 61 AE 00 01 A3 02 79
[2026-08-20 16:43:14.809]# RECV HEX/11 <<<
AA 00 09 13 61 AE 00 01 A3 02 79
[2026-08-20 16:43:14.820]# RECV HEX/20 <<<
AA 00 09 13 61 AE 00 01 A3 02 79 AA 00 09 13 61 AE 00 01 A3
[2026-08-20 16:43:14.830]# RECV HEX/13 <<<
02 79 AA 00 09 13 61 AE 00 01 A5 02 7B
[2026-08-20 16:43:14.840]# RECV HEX/11 <<<
AA 00 09 13 61 AE 00 01 A4 02 7A
[2026-08-20 16:43:14.851]# RECV HEX/22 <<<
AA 00 09 13 61 AE 00 01 A4 02 7A AA 00 09 13 61 AE 00 01 A4 02 7A
[2026-08-20 16:43:14.861]# RECV HEX/11 <<<
AA 00 09 13 61 AE 00 01 A5 02 7B
[2026-08-20 16:43:14.871]# RECV HEX/11 <<<
AA 00 09 13 61 AE 00 01 A5 02 7B
[2026-08-20 16:43:14.881]# RECV HEX/22 <<<
AA 00 09 13 61 AE 00 01 A3 02 79 AA 00 09 13 61 AE 00 01 A3 02 79
[2026-08-20 16:43:14.892]# RECV HEX/11 <<<
AA 00 09 13 61 AE 00 01 A3 02 79
[2026-08-20 16:43:14.903]# RECV HEX/11 <<<
AA 00 09 13 61 AE 00 01 A2 02 78
[2026-08-20 16:43:14.913]# RECV HEX/22 <<<
AA 00 09 13 61 AE 00 01 A2 02 78 AA 00 09 13 61 AE 00 01 A2 02 78
[2026-08-20 16:43:14.923]# RECV HEX/11 <<<
AA 00 09 13 61 AE 00 01 A2 02 78
[2026-08-20 16:43:14.934]# RECV HEX/17 <<<
AA 00 09 13 61 AE 00 01 A2 02 78 AA 00 09 13 61 AE
[2026-08-20 16:43:14.944]# RECV HEX/16 <<<
00 01 A2 02 78 AA 00 09 13 61 AE 00 01 A3 02 79
[2026-08-20 16:43:14.955]# RECV HEX/11 <<<
AA 00 09 13 61 AE 00 01 A5 02 7B
[2026-08-20 16:43:14.966]# RECV HEX/20 <<<
AA 00 09 13 61 AE 00 01 A5 02 7B AA 00 09 13 61 AE 00 01 A3
[2026-08-20 16:43:14.976]# RECV HEX/13 <<<
02 79 AA 00 09 13 61 AE 00 01 A3 02 79
[2026-08-20 16:43:14.986]# RECV HEX/11 <<<
AA 00 09 13 61 AE 00 01 A4 02 7A
[2026-08-20 16:43:14.997]# RECV HEX/22 <<<
AA 00 09 13 61 AE 00 01 A3 02 79 AA 00 09 13 61 AE 00 01 A2 02 78
[2026-08-20 16:43:15.008]# RECV HEX/11 <<<
AA 00 09 13 61 AE 00 01 A2 02 78
[2026-08-20 16:43:15.018]# RECV HEX/11 <<<
AA 00 09 13 61 AE 00 01 A2 02 78
[2026-08-20 16:43:15.028]# RECV HEX/22 <<<
AA 00 09 13 61 AE 00 01 A2 02 78 AA 00 09 13 61 AE 00 01 A1 02 77
[2026-08-20 16:43:15.038]# RECV HEX/11 <<<
AA 00 09 13 61 AE 00 01 A1 02 77
[2026-08-20 16:43:15.049]# RECV HEX/11 <<<
AA 00 09 13 61 AE 00 01 A3 02 79
[2026-08-20 16:43:15.060]# RECV HEX/22 <<<
AA 00 09 13 61 AE 00 01 A3 02 79 AA 00 09 13 61 AE 00 01 A2 02 78
[2026-08-20 16:43:15.070]# RECV HEX/11 <<<
AA 00 09 13 61 AE 00 01 A2 02 78
[2026-08-20 16:43:15.080]# RECV HEX/11 <<<
AA 00 09 13 61 AE 00 01 A2 02 78
[2026-08-20 16:43:15.090]# RECV HEX/22 <<<
AA 00 09 13 61 AE 00 01 A3 02 79 AA 00 09 13 61 AE 00 01 A3 02 79
[2026-08-20 16:43:15.101]# RECV HEX/11 <<<
AA 00 09 13 61 AE 00 01 A3 02 79
[2026-08-20 16:43:15.111]# RECV HEX/12 <<<
AA 00 09 13 61 AE 00 01 A3 02 79 AA
[2026-08-20 16:43:15.122]# RECV HEX/21 <<<
00 09 13 61 AE 00 01 A2 02 78 AA 00 09 13 61 AE 00 01 A2 02 78
[2026-08-20 16:43:15.132]# RECV HEX/11 <<<
AA 00 09 13 61 AE 00 01 A1 02 77
[2026-08-20 16:43:15.143]# RECV HEX/11 <<<
AA 00 09 13 61 AE 00 01 A1 02 77
[2026-08-20 16:43:15.153]# RECV HEX/22 <<<
AA 00 09 13 61 AE 00 01 A1 02 77 AA 00 09 13 61 AE 00 01 A1 02 77
[2026-08-20 16:43:15.164]# RECV HEX/11 <<<
AA 00 09 13 61 AE 00 01 A1 02 77
[2026-08-20 16:43:15.174]# RECV HEX/21 <<<
AA 00 09 13 61 AE 00 01 A1 02 77 AA 00 09 13 61 AE 00 01 A2 02
[2026-08-20 16:43:15.184]# RECV HEX/12 <<<
78 AA 00 09 13 61 AE 00 01 A1 02 77
[2026-08-20 16:43:15.195]# RECV HEX/11 <<<
AA 00 09 13 61 AE 00 01 A1 02 77
[2026-08-20 16:43:15.206]# RECV HEX/22 <<<
AA 00 09 13 61 AE 00 01 A1 02 77 AA 00 09 13 61 AE 00 01 A4 02 7A
[2026-08-20 16:43:15.216]# RECV HEX/11 <<<
AA 00 09 13 61 AE 00 01 A2 02 78
[2026-08-20 16:43:15.226]# RECV HEX/11 <<<
AA 00 09 13 61 AE 00 01 A2 02 78
[2026-08-20 16:43:15.237]# RECV HEX/22 <<<
AA 00 09 13 61 AE 00 01 A2 02 78 AA 00 09 13 61 AE 00 01 A3 02 79
[2026-08-20 16:43:15.247]# RECV HEX/11 <<<
AA 00 09 13 61 AE 00 01 A2 02 78
[2026-08-20 16:43:15.257]# RECV HEX/11 <<<
AA 00 09 13 61 AE 00 01 A1 02 77
[2026-08-20 16:43:15.268]# RECV HEX/22 <<<
AA 00 09 13 61 AE 00 01 A1 02 77 AA 00 09 13 61 AE 00 01 A0 02 76
[2026-08-20 16:43:15.278]# RECV HEX/11 <<<
AA 00 09 13 61 AE 00 01 A0 02 76
[2026-08-20 16:43:15.288]# RECV HEX/11 <<<
AA 00 09 13 61 AE 00 01 9F 02 75
[2026-08-20 16:43:15.299]# RECV HEX/11 <<<
AA 00 09 13 61 AE 00 01 9C 02 72
[2026-08-20 16:43:15.299]# RECV HEX/9 <<<
AA 00 09 13 61 AE 00 01 9C
[2026-08-20 16:43:15.309]# RECV HEX/13 <<<
02 72 AA 00 09 13 61 AE 00 01 9C 02 72
[2026-08-20 16:43:15.319]# RECV HEX/11 <<<
AA 00 09 13 61 AE 00 01 99 02 6F
[2026-08-20 16:43:15.330]# RECV HEX/11 <<<
AA 00 09 13 61 AE 00 01 99 02 6F
[2026-08-20 16:43:15.340]# RECV HEX/18 <<<
AA 00 09 13 61 AE 00 01 96 02 6C AA 00 09 13 61 AE 00
[2026-08-20 16:43:15.351]# RECV HEX/15 <<<
01 93 02 69 AA 00 09 13 61 AE 00 01 91 02 67
[2026-08-20 16:43:15.362]# RECV HEX/11 <<<
AA 00 09 13 61 AE 00 01 91 02 67
[2026-08-20 16:43:15.373]# RECV HEX/11 <<<
AA 00 09 13 61 AE 00 01 8F 02 65
[2026-08-20 16:43:15.383]# RECV HEX/11 <<<
AA 00 09 13 61 AE 00 01 8B 02 61
[2026-08-20 16:43:15.394]# RECV HEX/11 <<<
AA 00 09 13 61 AE 00 01 86 02 5C
[2026-08-20 16:43:15.404]# RECV HEX/15 <<<
AA 00 09 13 61 AE 00 01 83 02 59 AA 00 09 13
[2026-08-20 16:43:15.415]# RECV HEX/18 <<<
61 AE 00 01 83 02 59 AA 00 09 13 61 AE 00 01 82 02 58
[2026-08-20 16:43:15.426]# RECV HEX/11 <<<
AA 00 09 13 61 AE 00 01 7D 02 53
[2026-08-20 16:43:15.436]# RECV HEX/11 <<<
AA 00 09 13 61 AE 00 01 7C 02 52
[2026-08-20 16:43:15.447]# RECV HEX/11 <<<
AA 00 09 13 61 AE 00 01 79 02 4F
[2026-08-20 16:43:15.458]# RECV HEX/11 <<<
AA 00 09 13 61 AE 00 01 79 02 4F
[2026-08-20 16:43:15.468]# RECV HEX/11 <<<
AA 00 09 13 61 AE 00 01 74 02 4A
[2026-08-20 16:43:15.479]# RECV HEX/11 <<<
AA 00 09 13 61 AE 00 01 74 02 4A
[2026-08-20 16:43:15.489]# RECV HEX/11 <<<
AA 00 09 13 61 AE 00 01 70 02 46
[2026-08-20 16:43:15.500]# RECV HEX/11 <<<
AA 00 09 13 61 AE 00 01 70 02 46
[2026-08-20 16:43:15.521]# RECV HEX/11 <<<
AA 00 09 13 61 AE 00 01 6C 02 42
[2026-08-20 16:43:15.531]# RECV HEX/11 <<<
AA 00 09 13 61 AE 00 01 67 02 3D
[2026-08-20 16:43:15.542]# RECV HEX/11 <<<
AA 00 09 13 61 AE 00 01 67 02 3D
[2026-08-20 16:43:15.552]# RECV HEX/11 <<<
AA 00 09 13 61 AE 00 01 60 02 36
[2026-08-20 16:43:15.573]# RECV HEX/11 <<<
AA 00 09 13 61 AE 00 01 60 02 36
[2026-08-20 16:43:15.583]# RECV HEX/11 <<<
AA 00 09 13 61 AE 00 01 5D 02 33
[2026-08-20 16:43:15.594]# RECV HEX/11 <<<
AA 00 09 13 61 AE 00 01 56 02 2C
[2026-08-20 16:43:15.614]# RECV HEX/11 <<<
AA 00 09 13 61 AE 00 01 53 02 29
[2026-08-20 16:43:15.625]# RECV HEX/11 <<<
AA 00 09 13 61 AE 00 01 53 02 29
[2026-08-20 16:43:15.646]# RECV HEX/11 <<<
AA 00 09 13 61 AE 00 01 4E 02 24
[2026-08-20 16:43:15.656]# RECV HEX/11 <<<
AA 00 09 13 61 AE 00 01 4A 02 20
[2026-08-20 16:43:15.677]# RECV HEX/11 <<<
AA 00 09 13 61 AE 00 01 46 02 1C
[2026-08-20 16:43:15.698]# RECV HEX/11 <<<
AA 00 09 13 61 AE 00 01 46 02 1C
[2026-08-20 16:43:15.719]# RECV HEX/11 <<<
AA 00 09 13 61 AE 00 01 42 02 18
[2026-08-20 16:43:15.740]# RECV HEX/11 <<<
AA 00 09 13 61 AE 00 01 3F 02 15
[2026-08-20 16:43:15.760]# RECV HEX/11 <<<
AA 00 09 13 61 AE 00 01 3B 02 11
[2026-08-20 16:43:15.791]# RECV HEX/11 <<<
AA 00 09 13 61 AE 00 01 32 02 08
[2026-08-20 16:43:15.811]# RECV HEX/11 <<<
AA 00 09 13 61 AE 00 01 2D 02 03
[2026-08-20 16:43:15.842]# RECV HEX/11 <<<
AA 00 09 13 61 AE 00 01 2D 02 03
[2026-08-20 16:43:15.884]# RECV HEX/11 <<<
AA 00 09 13 61 AE 00 01 20 01 F6
[2026-08-20 16:43:15.935]# RECV HEX/11 <<<
AA 00 09 13 61 AE 00 01 20 01 F6
